time, entire-set, r1_l, r1_r, r2_l, r2_r, r3_l, r3_r, r4_l, r4_r, r5_l, r5_r, r6_l, r6_r, r7_l, r7_r, r8_l, r8_r, r9_l, r9_r, r10_l, r10_r, r11_l, r11_r, r12_l, r12_r, r13_l, r13_r, r14_l, r14_r, r15_l, r15_r, r16_l, r16_r, r17_l, r17_r, r18_l, r18_r, r19_l, r19_r, r20_l, r20_r, r21_l, r21_r, r22_l, r22_r, 
1.0, 0.996667, 0.993789, 1.000000, 0.994764, 0.995434, 0.995475, 0.995434, 0.995781, 1.000000, 0.992481, 1.000000, 0.995169, 1.000000, 0.996454, 1.000000, 0.997101, 1.000000, 0.997475, 0.972973, 1.000000, 1.000000, 1.000000, 1.000000, 1.000000, 1.000000, 0.993464, 1.000000, 0.995349, 1.000000, 0.996016, 1.000000, 1.000000, 1.000000, 0.996815, 1.000000, 0.997093, 1.000000, 0.995968, 1.000000, 0.995074, 1.000000, 0.997375, 1.000000, 0.997423, 0.996390, 
2.0, 0.986667, 0.993789, 1.000000, 0.994764, 0.986301, 0.990950, 0.986301, 0.987342, 0.986111, 0.992481, 1.000000, 0.995169, 0.978495, 0.992908, 0.978495, 0.991304, 0.980000, 0.989899, 0.972973, 1.000000, 1.000000, 0.985714, 1.000000, 0.991667, 1.000000, 0.986928, 1.000000, 0.986047, 1.000000, 0.988048, 1.000000, 0.983607, 1.000000, 0.987261, 1.000000, 0.988372, 0.985075, 0.983871, 1.000000, 0.985222, 0.986607, 0.986877, 0.984848, 0.987113, 0.985560, 
3.0, 0.984444, 0.993789, 1.000000, 0.994764, 0.977169, 0.990950, 0.977169, 0.987342, 0.976852, 0.992481, 1.000000, 0.995169, 0.978495, 0.992908, 0.978495, 0.991304, 0.980000, 0.989899, 0.945946, 1.000000, 1.000000, 0.971429, 1.000000, 0.983333, 1.000000, 0.980392, 1.000000, 0.976744, 1.000000, 0.980080, 1.000000, 0.978142, 1.000000, 0.980892, 1.000000, 0.982558, 0.985075, 0.979839, 1.000000, 0.980296, 0.986607, 0.981627, 0.984848, 0.987113, 0.978339, 
4.0, 0.977778, 0.987578, 1.000000, 0.989529, 0.963470, 0.986425, 0.963470, 0.983122, 0.967593, 0.992481, 0.968750, 0.990338, 0.967742, 0.985816, 0.967742, 0.985507, 0.970000, 0.984848, 0.945946, 1.000000, 1.000000, 0.942857, 1.000000, 0.966667, 1.000000, 0.967320, 1.000000, 0.962791, 1.000000, 0.968127, 1.000000, 0.967213, 1.000000, 0.971338, 1.000000, 0.973837, 0.985075, 0.971774, 1.000000, 0.972906, 0.982143, 0.973753, 0.984848, 0.981959, 0.967509, 
5.0, 0.967778, 0.975155, 0.966667, 0.979058, 0.958904, 0.972851, 0.958904, 0.966245, 0.967593, 0.977444, 0.968750, 0.980676, 0.967742, 0.975177, 0.967742, 0.973913, 0.970000, 0.969697, 0.945946, 0.966667, 0.986111, 0.928571, 1.000000, 0.958333, 1.000000, 0.960784, 1.000000, 0.958140, 0.991379, 0.964143, 1.000000, 0.967213, 0.986301, 0.964968, 0.988636, 0.968023, 0.962687, 0.971774, 1.000000, 0.967980, 0.964286, 0.968504, 0.962121, 0.963918, 0.960289, 
6.0, 0.965556, 0.975155, 0.966667, 0.979058, 0.958904, 0.972851, 0.958904, 0.966245, 0.967593, 0.977444, 0.968750, 0.980676, 0.967742, 0.975177, 0.967742, 0.973913, 0.970000, 0.969697, 0.945946, 0.966667, 0.986111, 0.928571, 1.000000, 0.958333, 1.000000, 0.960784, 1.000000, 0.958140, 0.991379, 0.964143, 1.000000, 0.967213, 0.986301, 0.964968, 0.988636, 0.968023, 0.962687, 0.971774, 1.000000, 0.965517, 0.964286, 0.968504, 0.962121, 0.963918, 0.960289, 
7.0, 0.960000, 0.975155, 0.866667, 0.979058, 0.940639, 0.972851, 0.940639, 0.966245, 0.953704, 0.977444, 0.968750, 0.980676, 0.967742, 0.975177, 0.967742, 0.973913, 0.970000, 0.969697, 0.945946, 0.900000, 0.986111, 0.871429, 1.000000, 0.925000, 1.000000, 0.934641, 1.000000, 0.939535, 0.991379, 0.948207, 1.000000, 0.950820, 0.986301, 0.952229, 0.988636, 0.956395, 0.962687, 0.959677, 1.000000, 0.953202, 0.964286, 0.958005, 0.962121, 0.963918, 0.945848, 
8.0, 0.952222, 0.968944, 0.866667, 0.973822, 0.931507, 0.968326, 0.931507, 0.962025, 0.939815, 0.977444, 0.968750, 0.975845, 0.946237, 0.968085, 0.946237, 0.965217, 0.950000, 0.962121, 0.918919, 0.900000, 0.972222, 0.857143, 0.990291, 0.916667, 1.000000, 0.928105, 0.990476, 0.930233, 0.982759, 0.936255, 1.000000, 0.939891, 0.972603, 0.939490, 0.977273, 0.944767, 0.955224, 0.947581, 0.990476, 0.943350, 0.955357, 0.947507, 0.954545, 0.958763, 0.935018, 
9.0, 0.941111, 0.950311, 0.833333, 0.958115, 0.922374, 0.950226, 0.922374, 0.949367, 0.930556, 0.962406, 0.937500, 0.961353, 0.935484, 0.946809, 0.935484, 0.947826, 0.940000, 0.944444, 0.918919, 0.866667, 0.958333, 0.842857, 0.980583, 0.908333, 1.000000, 0.921569, 0.980952, 0.920930, 0.974138, 0.928287, 1.000000, 0.928962, 0.958904, 0.933121, 0.965909, 0.938953, 0.940299, 0.939516, 0.980952, 0.938424, 0.941964, 0.942257, 0.939394, 0.945876, 0.927798, 
10.0, 0.935556, 0.950311, 0.800000, 0.958115, 0.908676, 0.945701, 0.908676, 0.945148, 0.921296, 0.962406, 0.937500, 0.961353, 0.924731, 0.946809, 0.924731, 0.947826, 0.930000, 0.941919, 0.891892, 0.833333, 0.958333, 0.828571, 0.980583, 0.891667, 1.000000, 0.901961, 0.980952, 0.906977, 0.974138, 0.916335, 1.000000, 0.918033, 0.958904, 0.920382, 0.965909, 0.927326, 0.932836, 0.931452, 0.980952, 0.928571, 0.937500, 0.931759, 0.931818, 0.943299, 0.913357, 
11.0, 0.933333, 0.944099, 0.800000, 0.952880, 0.904110, 0.941176, 0.904110, 0.940928, 0.921296, 0.962406, 0.937500, 0.961353, 0.924731, 0.943262, 0.924731, 0.944928, 0.930000, 0.939394, 0.891892, 0.833333, 0.958333, 0.828571, 0.980583, 0.883333, 1.000000, 0.895425, 0.980952, 0.902326, 0.974138, 0.912351, 1.000000, 0.918033, 0.958904, 0.917197, 0.965909, 0.924419, 0.932836, 0.931452, 0.980952, 0.926108, 0.937500, 0.929134, 0.931818, 0.940722, 0.909747, 
12.0, 0.916667, 0.937888, 0.800000, 0.947644, 0.881279, 0.927602, 0.881279, 0.932489, 0.893519, 0.954887, 0.906250, 0.956522, 0.903226, 0.932624, 0.903226, 0.933333, 0.910000, 0.921717, 0.864865, 0.833333, 0.944444, 0.814286, 0.961165, 0.875000, 0.984615, 0.875817, 0.961905, 0.879070, 0.956897, 0.884462, 0.983871, 0.885246, 0.945205, 0.894904, 0.954545, 0.904070, 0.895522, 0.907258, 0.971429, 0.908867, 0.906250, 0.910761, 0.893939, 0.920103, 0.884477, 
13.0, 0.906667, 0.925466, 0.766667, 0.937173, 0.876712, 0.918552, 0.876712, 0.924051, 0.888889, 0.947368, 0.875000, 0.946860, 0.892473, 0.921986, 0.892473, 0.924638, 0.900000, 0.906566, 0.864865, 0.800000, 0.930556, 0.814286, 0.951456, 0.866667, 0.969231, 0.869281, 0.952381, 0.874419, 0.939655, 0.880478, 0.967742, 0.879781, 0.931507, 0.888535, 0.943182, 0.898256, 0.880597, 0.903226, 0.961905, 0.901478, 0.888393, 0.905512, 0.878788, 0.909794, 0.877256, 
14.0, 0.902222, 0.919255, 0.766667, 0.926702, 0.876712, 0.909502, 0.876712, 0.915612, 0.888889, 0.939850, 0.875000, 0.932367, 0.892473, 0.907801, 0.892473, 0.913043, 0.900000, 0.896465, 0.864865, 0.800000, 0.930556, 0.814286, 0.951456, 0.866667, 0.969231, 0.869281, 0.952381, 0.874419, 0.939655, 0.880478, 0.967742, 0.879781, 0.931507, 0.888535, 0.943182, 0.898256, 0.873134, 0.903226, 0.961905, 0.901478, 0.883929, 0.905512, 0.878788, 0.902062, 0.877256, 
15.0, 0.900000, 0.919255, 0.766667, 0.921466, 0.876712, 0.904977, 0.876712, 0.911392, 0.888889, 0.939850, 0.875000, 0.932367, 0.892473, 0.904255, 0.892473, 0.907246, 0.900000, 0.891414, 0.864865, 0.800000, 0.930556, 0.814286, 0.951456, 0.866667, 0.969231, 0.869281, 0.952381, 0.874419, 0.931034, 0.880478, 0.967742, 0.879781, 0.917808, 0.888535, 0.931818, 0.898256, 0.865672, 0.903226, 0.961905, 0.901478, 0.875000, 0.905512, 0.871212, 0.896907, 0.877256, 
16.0, 0.887778, 0.913043, 0.733333, 0.916230, 0.872146, 0.900452, 0.872146, 0.898734, 0.884259, 0.917293, 0.875000, 0.913043, 0.881720, 0.890071, 0.881720, 0.889855, 0.890000, 0.876263, 0.864865, 0.766667, 0.930556, 0.800000, 0.922330, 0.858333, 0.923077, 0.862745, 0.923810, 0.869767, 0.905172, 0.876494, 0.919355, 0.874317, 0.917808, 0.882166, 0.931818, 0.892442, 0.858209, 0.899194, 0.923810, 0.896552, 0.852679, 0.897638, 0.863636, 0.884021, 0.870036, 
17.0, 0.881111, 0.900621, 0.733333, 0.905759, 0.858447, 0.891403, 0.858447, 0.890295, 0.870370, 0.917293, 0.843750, 0.903382, 0.870968, 0.879433, 0.870968, 0.881159, 0.880000, 0.868687, 0.837838, 0.766667, 0.916667, 0.785714, 0.902913, 0.850000, 0.907692, 0.856209, 0.904762, 0.855814, 0.887931, 0.864542, 0.903226, 0.857923, 0.904110, 0.872611, 0.920455, 0.883721, 0.850746, 0.887097, 0.904762, 0.889163, 0.843750, 0.889764, 0.856061, 0.876289, 0.859206, 
18.0, 0.868889, 0.894410, 0.733333, 0.900524, 0.844749, 0.886878, 0.844749, 0.886076, 0.865741, 0.909774, 0.812500, 0.888889, 0.860215, 0.868794, 0.860215, 0.872464, 0.870000, 0.861111, 0.810811, 0.766667, 0.902778, 0.785714, 0.883495, 0.833333, 0.876923, 0.836601, 0.885714, 0.841860, 0.870690, 0.852590, 0.870968, 0.852459, 0.890411, 0.863057, 0.909091, 0.869186, 0.843284, 0.875000, 0.885714, 0.871921, 0.834821, 0.876640, 0.848485, 0.871134, 0.848375, 
19.0, 0.860000, 0.894410, 0.733333, 0.895288, 0.835616, 0.882353, 0.835616, 0.877637, 0.861111, 0.909774, 0.812500, 0.884058, 0.860215, 0.861702, 0.860215, 0.866667, 0.870000, 0.853535, 0.810811, 0.733333, 0.902778, 0.771429, 0.873786, 0.825000, 0.876923, 0.823529, 0.876190, 0.832558, 0.862069, 0.844622, 0.870968, 0.846995, 0.876712, 0.856688, 0.897727, 0.863372, 0.835821, 0.870968, 0.876190, 0.866995, 0.821429, 0.871391, 0.840909, 0.863402, 0.841155, 
20.0, 0.853333, 0.894410, 0.700000, 0.895288, 0.812785, 0.882353, 0.812785, 0.877637, 0.842593, 0.909774, 0.781250, 0.884058, 0.849462, 0.861702, 0.849462, 0.866667, 0.860000, 0.853535, 0.729730, 0.700000, 0.902778, 0.742857, 0.873786, 0.800000, 0.876923, 0.797386, 0.876190, 0.809302, 0.862069, 0.820717, 0.870968, 0.830601, 0.876712, 0.837580, 0.897727, 0.845930, 0.835821, 0.854839, 0.876190, 0.852217, 0.821429, 0.855643, 0.840909, 0.863402, 0.823105, 
21.0, 0.850000, 0.894410, 0.700000, 0.895288, 0.808219, 0.882353, 0.808219, 0.877637, 0.837963, 0.909774, 0.781250, 0.884058, 0.849462, 0.861702, 0.849462, 0.866667, 0.860000, 0.853535, 0.729730, 0.700000, 0.902778, 0.742857, 0.873786, 0.800000, 0.876923, 0.790850, 0.876190, 0.804651, 0.862069, 0.816733, 0.870968, 0.825137, 0.876712, 0.834395, 0.897727, 0.843023, 0.835821, 0.854839, 0.876190, 0.847291, 0.821429, 0.850394, 0.840909, 0.863402, 0.819495, 
22.0, 0.843333, 0.894410, 0.700000, 0.895288, 0.808219, 0.882353, 0.808219, 0.873418, 0.828704, 0.909774, 0.750000, 0.884058, 0.827957, 0.861702, 0.827957, 0.860870, 0.840000, 0.848485, 0.729730, 0.700000, 0.902778, 0.742857, 0.873786, 0.800000, 0.876923, 0.790850, 0.876190, 0.804651, 0.862069, 0.816733, 0.870968, 0.814208, 0.876712, 0.828025, 0.897727, 0.837209, 0.835821, 0.846774, 0.876190, 0.842365, 0.821429, 0.845144, 0.840909, 0.853093, 0.815884, 
23.0, 0.836667, 0.888199, 0.700000, 0.890052, 0.799087, 0.877828, 0.799087, 0.869198, 0.814815, 0.902256, 0.750000, 0.874396, 0.827957, 0.854610, 0.827957, 0.855072, 0.840000, 0.843434, 0.702703, 0.700000, 0.902778, 0.742857, 0.864078, 0.800000, 0.876923, 0.790850, 0.866667, 0.795349, 0.853448, 0.804781, 0.870968, 0.797814, 0.876712, 0.818471, 0.897727, 0.825581, 0.835821, 0.830645, 0.866667, 0.832512, 0.816964, 0.834646, 0.840909, 0.847938, 0.808664, 
24.0, 0.827778, 0.875776, 0.700000, 0.869110, 0.789954, 0.855204, 0.789954, 0.852321, 0.805556, 0.879699, 0.750000, 0.859903, 0.827957, 0.843972, 0.827957, 0.840580, 0.840000, 0.828283, 0.675676, 0.700000, 0.902778, 0.742857, 0.864078, 0.800000, 0.876923, 0.784314, 0.857143, 0.786047, 0.844828, 0.796813, 0.870968, 0.786885, 0.863014, 0.812102, 0.886364, 0.819767, 0.820896, 0.822581, 0.857143, 0.827586, 0.803571, 0.829396, 0.825758, 0.832474, 0.801444, 
25.0, 0.818889, 0.869565, 0.666667, 0.863874, 0.785388, 0.850679, 0.785388, 0.843882, 0.800926, 0.864662, 0.687500, 0.850242, 0.806452, 0.836879, 0.806452, 0.831884, 0.820000, 0.818182, 0.675676, 0.666667, 0.902778, 0.728571, 0.864078, 0.791667, 0.876923, 0.777778, 0.857143, 0.781395, 0.844828, 0.788845, 0.870968, 0.781421, 0.863014, 0.805732, 0.886364, 0.811047, 0.813433, 0.814516, 0.857143, 0.820197, 0.794643, 0.821522, 0.818182, 0.824742, 0.794224, 
26.0, 0.808889, 0.850932, 0.633333, 0.848168, 0.767123, 0.837104, 0.767123, 0.831224, 0.782407, 0.849624, 0.656250, 0.835749, 0.795699, 0.826241, 0.795699, 0.820290, 0.810000, 0.808081, 0.675676, 0.633333, 0.888889, 0.700000, 0.854369, 0.775000, 0.876923, 0.764706, 0.847619, 0.762791, 0.836207, 0.772908, 0.870968, 0.759563, 0.849315, 0.792994, 0.875000, 0.796512, 0.805970, 0.798387, 0.847619, 0.807882, 0.790179, 0.808399, 0.810606, 0.814433, 0.776173, 
27.0, 0.798889, 0.844720, 0.633333, 0.842932, 0.753425, 0.832579, 0.753425, 0.822785, 0.768519, 0.849624, 0.656250, 0.826087, 0.784946, 0.815603, 0.784946, 0.808696, 0.800000, 0.797980, 0.675676, 0.633333, 0.875000, 0.700000, 0.844660, 0.758333, 0.876923, 0.751634, 0.838095, 0.748837, 0.827586, 0.760956, 0.870968, 0.748634, 0.835616, 0.777070, 0.863636, 0.781977, 0.798507, 0.786290, 0.838095, 0.795567, 0.785714, 0.795276, 0.803030, 0.806701, 0.765343, 
28.0, 0.791111, 0.838509, 0.633333, 0.837696, 0.744292, 0.823529, 0.744292, 0.814346, 0.763889, 0.842105, 0.656250, 0.816425, 0.784946, 0.804965, 0.784946, 0.797101, 0.800000, 0.785354, 0.675676, 0.633333, 0.875000, 0.685714, 0.834951, 0.750000, 0.876923, 0.745098, 0.828571, 0.739535, 0.818966, 0.752988, 0.870968, 0.743169, 0.835616, 0.770701, 0.863636, 0.776163, 0.791045, 0.782258, 0.828571, 0.790640, 0.772321, 0.790026, 0.795455, 0.796392, 0.758123, 
29.0, 0.782222, 0.826087, 0.600000, 0.827225, 0.730594, 0.814480, 0.730594, 0.805907, 0.754630, 0.842105, 0.625000, 0.811594, 0.774194, 0.797872, 0.774194, 0.791304, 0.790000, 0.777778, 0.648649, 0.600000, 0.861111, 0.685714, 0.825243, 0.733333, 0.861538, 0.732026, 0.819048, 0.725581, 0.810345, 0.741036, 0.870968, 0.732240, 0.821918, 0.757962, 0.852273, 0.764535, 0.783582, 0.774194, 0.819048, 0.780788, 0.763393, 0.779528, 0.787879, 0.786082, 0.743682, 
30.0, 0.773333, 0.819876, 0.600000, 0.811518, 0.721461, 0.800905, 0.721461, 0.793249, 0.745370, 0.827068, 0.625000, 0.801932, 0.774194, 0.787234, 0.774194, 0.779710, 0.790000, 0.770202, 0.648649, 0.600000, 0.847222, 0.685714, 0.815534, 0.725000, 0.846154, 0.725490, 0.809524, 0.716279, 0.801724, 0.733068, 0.854839, 0.721311, 0.808219, 0.748408, 0.840909, 0.755814, 0.776119, 0.766129, 0.809524, 0.773399, 0.758929, 0.769029, 0.780303, 0.775773, 0.736462, 
31.0, 0.763333, 0.819876, 0.600000, 0.811518, 0.698630, 0.800905, 0.698630, 0.793249, 0.726852, 0.827068, 0.593750, 0.801932, 0.752688, 0.783688, 0.752688, 0.776812, 0.770000, 0.765152, 0.621622, 0.600000, 0.847222, 0.657143, 0.815534, 0.708333, 0.846154, 0.699346, 0.809524, 0.693023, 0.801724, 0.709163, 0.854839, 0.699454, 0.808219, 0.726115, 0.840909, 0.735465, 0.776119, 0.750000, 0.809524, 0.756158, 0.750000, 0.750656, 0.780303, 0.773196, 0.714801, 
32.0, 0.758889, 0.819876, 0.600000, 0.811518, 0.684932, 0.800905, 0.684932, 0.793249, 0.726852, 0.827068, 0.593750, 0.801932, 0.752688, 0.783688, 0.752688, 0.776812, 0.770000, 0.765152, 0.621622, 0.600000, 0.847222, 0.628571, 0.815534, 0.683333, 0.846154, 0.679739, 0.809524, 0.679070, 0.801724, 0.697211, 0.854839, 0.699454, 0.808219, 0.716561, 0.840909, 0.726744, 0.776119, 0.750000, 0.809524, 0.748768, 0.750000, 0.742782, 0.780303, 0.770619, 0.703971, 
33.0, 0.754444, 0.819876, 0.600000, 0.811518, 0.675799, 0.800905, 0.675799, 0.793249, 0.722222, 0.827068, 0.593750, 0.801932, 0.741935, 0.780142, 0.741935, 0.773913, 0.760000, 0.762626, 0.621622, 0.600000, 0.847222, 0.628571, 0.815534, 0.675000, 0.846154, 0.666667, 0.809524, 0.669767, 0.801724, 0.689243, 0.854839, 0.693989, 0.808219, 0.710191, 0.840909, 0.720930, 0.776119, 0.745968, 0.809524, 0.743842, 0.750000, 0.734908, 0.780303, 0.768041, 0.696751, 
34.0, 0.741111, 0.813665, 0.533333, 0.801047, 0.662100, 0.787330, 0.662100, 0.776371, 0.712963, 0.827068, 0.562500, 0.801932, 0.720430, 0.773050, 0.720430, 0.765217, 0.740000, 0.752525, 0.621622, 0.533333, 0.847222, 0.614286, 0.805825, 0.650000, 0.846154, 0.647059, 0.800000, 0.655814, 0.793103, 0.677291, 0.854839, 0.683060, 0.808219, 0.697452, 0.840909, 0.709302, 0.761194, 0.737903, 0.809524, 0.733990, 0.736607, 0.724409, 0.765152, 0.750000, 0.685921, 
35.0, 0.730000, 0.807453, 0.533333, 0.790576, 0.652968, 0.778281, 0.652968, 0.767932, 0.699074, 0.819549, 0.531250, 0.792271, 0.698925, 0.762411, 0.698925, 0.756522, 0.720000, 0.742424, 0.621622, 0.533333, 0.833333, 0.585714, 0.786408, 0.633333, 0.815385, 0.633987, 0.780952, 0.646512, 0.775862, 0.669323, 0.822581, 0.666667, 0.794521, 0.681529, 0.818182, 0.694767, 0.746269, 0.725806, 0.790476, 0.721675, 0.723214, 0.708661, 0.750000, 0.742268, 0.675090, 
36.0, 0.723333, 0.801242, 0.500000, 0.785340, 0.639269, 0.773756, 0.639269, 0.763713, 0.680556, 0.812030, 0.500000, 0.787440, 0.688172, 0.758865, 0.688172, 0.753623, 0.700000, 0.739899, 0.594595, 0.500000, 0.833333, 0.557143, 0.786408, 0.616667, 0.815385, 0.614379, 0.780952, 0.632558, 0.775862, 0.657371, 0.822581, 0.655738, 0.794521, 0.668790, 0.818182, 0.683140, 0.746269, 0.709677, 0.790476, 0.709360, 0.723214, 0.698163, 0.750000, 0.739691, 0.664260, 
37.0, 0.720000, 0.801242, 0.500000, 0.785340, 0.630137, 0.773756, 0.630137, 0.763713, 0.675926, 0.812030, 0.500000, 0.787440, 0.688172, 0.758865, 0.688172, 0.750725, 0.700000, 0.737374, 0.594595, 0.500000, 0.833333, 0.542857, 0.786408, 0.608333, 0.815385, 0.607843, 0.780952, 0.623256, 0.775862, 0.649402, 0.822581, 0.655738, 0.794521, 0.662420, 0.818182, 0.677326, 0.746269, 0.705645, 0.790476, 0.704433, 0.723214, 0.692913, 0.750000, 0.737113, 0.657040, 
38.0, 0.713333, 0.795031, 0.500000, 0.780105, 0.625571, 0.764706, 0.625571, 0.759494, 0.671296, 0.804511, 0.500000, 0.782609, 0.688172, 0.755319, 0.688172, 0.747826, 0.700000, 0.729798, 0.540541, 0.500000, 0.833333, 0.542857, 0.786408, 0.608333, 0.815385, 0.607843, 0.780952, 0.618605, 0.775862, 0.645418, 0.822581, 0.650273, 0.794521, 0.659236, 0.818182, 0.671512, 0.738806, 0.697581, 0.790476, 0.699507, 0.714286, 0.687664, 0.742424, 0.731959, 0.653430, 
39.0, 0.707778, 0.782609, 0.466667, 0.769634, 0.621005, 0.755656, 0.621005, 0.751055, 0.666667, 0.789474, 0.500000, 0.772947, 0.688172, 0.748227, 0.688172, 0.742029, 0.700000, 0.724747, 0.540541, 0.466667, 0.833333, 0.542857, 0.786408, 0.600000, 0.815385, 0.601307, 0.780952, 0.613953, 0.775862, 0.637450, 0.822581, 0.644809, 0.794521, 0.652866, 0.818182, 0.665698, 0.738806, 0.693548, 0.790476, 0.692118, 0.714286, 0.679790, 0.742424, 0.726804, 0.649819, 
40.0, 0.700000, 0.782609, 0.433333, 0.764398, 0.607306, 0.746606, 0.607306, 0.746835, 0.657407, 0.789474, 0.500000, 0.772947, 0.677419, 0.744681, 0.677419, 0.736232, 0.690000, 0.719697, 0.513514, 0.433333, 0.833333, 0.542857, 0.786408, 0.591667, 0.815385, 0.588235, 0.780952, 0.600000, 0.775862, 0.625498, 0.822581, 0.639344, 0.780822, 0.640127, 0.806818, 0.654070, 0.723881, 0.685484, 0.780952, 0.682266, 0.705357, 0.669291, 0.727273, 0.719072, 0.638989, 
41.0, 0.692222, 0.782609, 0.433333, 0.764398, 0.602740, 0.746606, 0.602740, 0.742616, 0.648148, 0.789474, 0.468750, 0.768116, 0.645161, 0.737589, 0.645161, 0.727536, 0.660000, 0.712121, 0.513514, 0.433333, 0.833333, 0.542857, 0.786408, 0.583333, 0.815385, 0.581699, 0.780952, 0.595349, 0.775862, 0.621514, 0.822581, 0.628415, 0.780822, 0.633758, 0.806818, 0.648256, 0.716418, 0.669355, 0.780952, 0.672414, 0.700893, 0.664042, 0.719697, 0.713918, 0.635379, 
42.0, 0.681111, 0.763975, 0.400000, 0.748691, 0.579909, 0.733032, 0.579909, 0.729958, 0.629630, 0.781955, 0.437500, 0.753623, 0.623656, 0.726950, 0.623656, 0.718841, 0.640000, 0.702020, 0.513514, 0.400000, 0.819444, 0.514286, 0.776699, 0.550000, 0.815385, 0.555556, 0.771429, 0.572093, 0.767241, 0.601594, 0.822581, 0.606557, 0.767123, 0.614650, 0.795455, 0.630814, 0.708955, 0.653226, 0.771429, 0.657635, 0.691964, 0.648294, 0.712121, 0.703608, 0.613718, 
43.0, 0.675556, 0.757764, 0.400000, 0.743455, 0.579909, 0.723982, 0.579909, 0.721519, 0.629630, 0.766917, 0.437500, 0.743961, 0.612903, 0.716312, 0.612903, 0.707246, 0.630000, 0.691919, 0.513514, 0.400000, 0.805556, 0.514286, 0.757282, 0.550000, 0.784615, 0.555556, 0.752381, 0.572093, 0.750000, 0.601594, 0.790323, 0.606557, 0.767123, 0.614650, 0.784091, 0.630814, 0.701493, 0.649194, 0.752381, 0.655172, 0.683036, 0.648294, 0.704545, 0.693299, 0.613718, 
44.0, 0.667778, 0.757764, 0.333333, 0.743455, 0.566210, 0.723982, 0.566210, 0.717300, 0.629630, 0.766917, 0.437500, 0.743961, 0.602151, 0.716312, 0.602151, 0.704348, 0.620000, 0.689394, 0.513514, 0.333333, 0.805556, 0.514286, 0.757282, 0.533333, 0.784615, 0.542484, 0.752381, 0.562791, 0.750000, 0.593625, 0.790323, 0.606557, 0.767123, 0.605096, 0.784091, 0.619186, 0.694030, 0.641129, 0.752381, 0.642857, 0.678571, 0.637795, 0.696970, 0.690722, 0.602888, 
45.0, 0.657778, 0.739130, 0.333333, 0.727749, 0.557078, 0.710407, 0.557078, 0.700422, 0.625000, 0.759398, 0.437500, 0.729469, 0.602151, 0.705674, 0.602151, 0.695652, 0.620000, 0.679293, 0.513514, 0.333333, 0.777778, 0.500000, 0.737864, 0.516667, 0.769231, 0.529412, 0.733333, 0.553488, 0.732759, 0.585657, 0.774194, 0.606557, 0.739726, 0.598726, 0.761364, 0.610465, 0.671642, 0.641129, 0.733333, 0.635468, 0.665179, 0.629921, 0.674242, 0.677835, 0.592058, 
46.0, 0.647778, 0.732919, 0.333333, 0.717277, 0.552511, 0.696833, 0.552511, 0.687764, 0.625000, 0.744361, 0.406250, 0.719807, 0.591398, 0.695035, 0.591398, 0.684058, 0.610000, 0.669192, 0.513514, 0.333333, 0.777778, 0.500000, 0.737864, 0.508333, 0.769231, 0.522876, 0.733333, 0.548837, 0.732759, 0.581673, 0.774194, 0.606557, 0.726027, 0.595541, 0.750000, 0.604651, 0.656716, 0.637097, 0.733333, 0.628079, 0.656250, 0.622047, 0.659091, 0.662371, 0.588448, 
47.0, 0.641111, 0.732919, 0.300000, 0.712042, 0.538813, 0.692308, 0.538813, 0.683544, 0.620370, 0.736842, 0.406250, 0.714976, 0.591398, 0.687943, 0.591398, 0.678261, 0.610000, 0.664141, 0.486486, 0.300000, 0.777778, 0.485714, 0.737864, 0.491667, 0.769231, 0.503268, 0.733333, 0.534884, 0.732759, 0.569721, 0.774194, 0.601093, 0.726027, 0.585987, 0.750000, 0.595930, 0.656716, 0.637097, 0.733333, 0.620690, 0.656250, 0.614173, 0.659091, 0.657216, 0.577617, 
48.0, 0.631111, 0.714286, 0.266667, 0.696335, 0.529680, 0.678733, 0.529680, 0.670886, 0.611111, 0.721805, 0.406250, 0.700483, 0.580645, 0.673759, 0.580645, 0.666667, 0.600000, 0.654040, 0.459459, 0.266667, 0.736111, 0.471429, 0.708738, 0.483333, 0.723077, 0.496732, 0.704762, 0.525581, 0.706897, 0.561753, 0.741935, 0.590164, 0.698630, 0.576433, 0.715909, 0.581395, 0.634328, 0.625000, 0.704762, 0.608374, 0.642857, 0.601050, 0.636364, 0.646907, 0.570397, 
49.0, 0.615556, 0.708075, 0.266667, 0.691099, 0.515982, 0.674208, 0.515982, 0.662447, 0.587963, 0.706767, 0.343750, 0.685990, 0.537634, 0.656028, 0.537634, 0.649275, 0.550000, 0.638889, 0.432432, 0.266667, 0.722222, 0.457143, 0.699029, 0.475000, 0.707692, 0.490196, 0.695238, 0.516279, 0.689655, 0.545817, 0.725806, 0.568306, 0.684932, 0.560510, 0.704545, 0.563953, 0.626866, 0.596774, 0.695238, 0.591133, 0.633929, 0.582677, 0.628788, 0.636598, 0.555957, 
50.0, 0.612222, 0.708075, 0.266667, 0.691099, 0.511416, 0.674208, 0.511416, 0.662447, 0.578704, 0.706767, 0.312500, 0.685990, 0.526882, 0.656028, 0.526882, 0.649275, 0.530000, 0.638889, 0.432432, 0.266667, 0.722222, 0.457143, 0.699029, 0.475000, 0.707692, 0.490196, 0.695238, 0.511628, 0.689655, 0.537849, 0.725806, 0.562842, 0.684932, 0.554140, 0.704545, 0.555233, 0.626866, 0.584677, 0.695238, 0.583744, 0.633929, 0.574803, 0.628788, 0.636598, 0.552347, 
51.0, 0.606667, 0.701863, 0.266667, 0.685864, 0.506849, 0.665158, 0.506849, 0.654008, 0.569444, 0.699248, 0.312500, 0.681159, 0.516129, 0.652482, 0.516129, 0.646377, 0.520000, 0.633838, 0.432432, 0.266667, 0.708333, 0.442857, 0.689320, 0.466667, 0.692308, 0.483660, 0.685714, 0.506977, 0.681034, 0.533865, 0.709677, 0.557377, 0.671233, 0.547771, 0.693182, 0.546512, 0.611940, 0.576613, 0.685714, 0.576355, 0.625000, 0.566929, 0.613636, 0.631443, 0.545126, 
52.0, 0.598889, 0.683230, 0.266667, 0.664921, 0.506849, 0.647059, 0.506849, 0.637131, 0.564815, 0.676692, 0.281250, 0.666667, 0.505376, 0.638298, 0.505376, 0.634783, 0.510000, 0.621212, 0.432432, 0.266667, 0.708333, 0.442857, 0.689320, 0.466667, 0.692308, 0.483660, 0.685714, 0.506977, 0.681034, 0.529880, 0.709677, 0.551913, 0.671233, 0.544586, 0.681818, 0.543605, 0.604478, 0.572581, 0.685714, 0.573892, 0.611607, 0.564304, 0.606061, 0.618557, 0.541516, 
53.0, 0.586667, 0.677019, 0.266667, 0.659686, 0.502283, 0.642534, 0.502283, 0.632911, 0.546296, 0.661654, 0.281250, 0.657005, 0.473118, 0.631206, 0.473118, 0.628986, 0.480000, 0.613636, 0.432432, 0.266667, 0.708333, 0.442857, 0.689320, 0.466667, 0.692308, 0.483660, 0.685714, 0.502326, 0.681034, 0.525896, 0.709677, 0.530055, 0.671233, 0.531847, 0.681818, 0.531977, 0.604478, 0.552419, 0.685714, 0.559113, 0.607143, 0.548556, 0.606061, 0.610825, 0.527076, 
54.0, 0.581111, 0.677019, 0.266667, 0.659686, 0.493151, 0.638009, 0.493151, 0.628692, 0.537037, 0.661654, 0.281250, 0.657005, 0.473118, 0.631206, 0.473118, 0.628986, 0.480000, 0.611111, 0.432432, 0.266667, 0.708333, 0.442857, 0.689320, 0.458333, 0.692308, 0.470588, 0.685714, 0.493023, 0.681034, 0.513944, 0.709677, 0.519126, 0.671233, 0.522293, 0.681818, 0.523256, 0.597015, 0.544355, 0.685714, 0.551724, 0.602679, 0.540682, 0.606061, 0.608247, 0.519856, 
55.0, 0.567778, 0.670807, 0.266667, 0.654450, 0.479452, 0.628959, 0.479452, 0.616034, 0.523148, 0.654135, 0.218750, 0.637681, 0.451613, 0.617021, 0.451613, 0.611594, 0.460000, 0.595960, 0.405405, 0.266667, 0.694444, 0.428571, 0.679612, 0.450000, 0.692308, 0.464052, 0.676190, 0.479070, 0.663793, 0.501992, 0.709677, 0.502732, 0.671233, 0.512739, 0.659091, 0.514535, 0.582090, 0.524194, 0.676190, 0.539409, 0.589286, 0.532808, 0.590909, 0.590206, 0.509025, 
56.0, 0.556667, 0.664596, 0.266667, 0.643979, 0.470320, 0.619910, 0.470320, 0.607595, 0.523148, 0.646617, 0.218750, 0.632850, 0.451613, 0.613475, 0.451613, 0.605797, 0.460000, 0.593434, 0.405405, 0.266667, 0.694444, 0.400000, 0.679612, 0.433333, 0.692308, 0.450980, 0.676190, 0.469767, 0.663793, 0.494024, 0.709677, 0.502732, 0.671233, 0.506369, 0.659091, 0.508721, 0.582090, 0.520161, 0.676190, 0.532020, 0.589286, 0.519685, 0.590909, 0.582474, 0.501805, 
57.0, 0.550000, 0.652174, 0.266667, 0.633508, 0.456621, 0.610860, 0.456621, 0.599156, 0.518519, 0.631579, 0.218750, 0.623188, 0.440860, 0.606383, 0.440860, 0.600000, 0.450000, 0.588384, 0.405405, 0.266667, 0.694444, 0.371429, 0.679612, 0.408333, 0.692308, 0.431373, 0.676190, 0.455814, 0.663793, 0.482072, 0.709677, 0.497268, 0.671233, 0.496815, 0.659091, 0.500000, 0.582090, 0.516129, 0.676190, 0.524631, 0.589286, 0.511811, 0.590909, 0.577320, 0.490975, 
58.0, 0.538889, 0.645963, 0.266667, 0.628272, 0.456621, 0.606335, 0.456621, 0.594937, 0.504630, 0.631579, 0.218750, 0.623188, 0.408602, 0.599291, 0.408602, 0.594203, 0.420000, 0.583333, 0.405405, 0.266667, 0.694444, 0.371429, 0.679612, 0.408333, 0.692308, 0.431373, 0.676190, 0.455814, 0.663793, 0.478088, 0.709677, 0.480874, 0.671233, 0.484076, 0.659091, 0.488372, 0.582090, 0.500000, 0.676190, 0.512315, 0.589286, 0.498688, 0.590909, 0.569588, 0.480144, 
59.0, 0.534444, 0.645963, 0.266667, 0.628272, 0.447489, 0.606335, 0.447489, 0.594937, 0.495370, 0.631579, 0.218750, 0.623188, 0.408602, 0.599291, 0.408602, 0.594203, 0.420000, 0.583333, 0.405405, 0.266667, 0.694444, 0.342857, 0.679612, 0.391667, 0.692308, 0.418301, 0.676190, 0.446512, 0.663793, 0.470120, 0.709677, 0.469945, 0.671233, 0.477707, 0.659091, 0.482558, 0.582090, 0.491935, 0.676190, 0.507389, 0.589286, 0.490814, 0.590909, 0.569588, 0.472924, 
60.0, 0.491111, 0.608696, 0.233333, 0.591623, 0.406393, 0.570136, 0.406393, 0.565401, 0.439815, 0.593985, 0.156250, 0.574879, 0.354839, 0.556738, 0.354839, 0.553623, 0.370000, 0.540404, 0.378378, 0.233333, 0.666667, 0.285714, 0.640777, 0.341667, 0.661538, 0.372549, 0.638095, 0.404651, 0.629310, 0.426295, 0.677419, 0.415301, 0.630137, 0.433121, 0.625000, 0.438953, 0.559701, 0.447581, 0.628571, 0.463054, 0.544643, 0.446194, 0.568182, 0.528351, 0.425993, 
61.0, 0.480000, 0.596273, 0.200000, 0.581152, 0.383562, 0.561086, 0.383562, 0.556962, 0.430556, 0.586466, 0.156250, 0.565217, 0.344086, 0.546099, 0.344086, 0.542029, 0.360000, 0.530303, 0.351351, 0.200000, 0.652778, 0.285714, 0.631068, 0.325000, 0.661538, 0.352941, 0.628571, 0.381395, 0.612069, 0.406375, 0.677419, 0.415301, 0.616438, 0.417197, 0.613636, 0.424419, 0.552239, 0.439516, 0.619048, 0.450739, 0.535714, 0.433071, 0.560606, 0.523196, 0.407942, 
62.0, 0.473333, 0.590062, 0.200000, 0.575916, 0.378995, 0.556561, 0.378995, 0.552743, 0.425926, 0.586466, 0.125000, 0.565217, 0.333333, 0.539007, 0.333333, 0.536232, 0.350000, 0.522727, 0.351351, 0.200000, 0.652778, 0.285714, 0.631068, 0.325000, 0.661538, 0.352941, 0.628571, 0.376744, 0.612069, 0.402390, 0.677419, 0.409836, 0.616438, 0.414013, 0.613636, 0.421512, 0.552239, 0.431452, 0.619048, 0.443350, 0.535714, 0.430446, 0.560606, 0.518041, 0.404332, 
63.0, 0.462222, 0.583851, 0.200000, 0.570681, 0.369863, 0.552036, 0.369863, 0.548523, 0.412037, 0.571429, 0.125000, 0.550725, 0.322581, 0.524823, 0.322581, 0.521739, 0.340000, 0.510101, 0.324324, 0.200000, 0.652778, 0.285714, 0.621359, 0.325000, 0.661538, 0.352941, 0.619048, 0.372093, 0.603448, 0.394422, 0.677419, 0.398907, 0.616438, 0.404459, 0.613636, 0.406977, 0.552239, 0.415323, 0.609524, 0.431034, 0.526786, 0.419948, 0.560606, 0.505155, 0.393502, 
64.0, 0.460000, 0.583851, 0.200000, 0.570681, 0.365297, 0.552036, 0.365297, 0.548523, 0.402778, 0.571429, 0.125000, 0.550725, 0.311828, 0.524823, 0.311828, 0.521739, 0.330000, 0.510101, 0.324324, 0.200000, 0.652778, 0.271429, 0.621359, 0.316667, 0.661538, 0.346405, 0.619048, 0.367442, 0.603448, 0.390438, 0.677419, 0.387978, 0.616438, 0.398089, 0.613636, 0.401163, 0.552239, 0.411290, 0.609524, 0.426108, 0.526786, 0.414698, 0.560606, 0.505155, 0.386282, 
65.0, 0.375556, 0.521739, 0.133333, 0.502618, 0.296804, 0.479638, 0.296804, 0.464135, 0.291667, 0.511278, 0.062500, 0.478261, 0.215054, 0.450355, 0.215054, 0.446377, 0.230000, 0.426768, 0.270270, 0.100000, 0.583333, 0.200000, 0.563107, 0.250000, 0.615385, 0.274510, 0.552381, 0.297674, 0.534483, 0.306773, 0.629032, 0.284153, 0.534247, 0.318471, 0.534091, 0.322674, 0.462687, 0.310484, 0.552381, 0.344828, 0.450893, 0.335958, 0.469697, 0.407216, 0.314079, 
66.0, 0.364444, 0.490683, 0.133333, 0.471204, 0.292237, 0.452489, 0.292237, 0.434599, 0.282407, 0.488722, 0.062500, 0.458937, 0.204301, 0.432624, 0.204301, 0.426087, 0.220000, 0.409091, 0.270270, 0.100000, 0.569444, 0.185714, 0.553398, 0.241667, 0.615385, 0.267974, 0.542857, 0.293023, 0.525862, 0.302789, 0.629032, 0.278689, 0.506849, 0.312102, 0.511364, 0.316860, 0.447761, 0.302419, 0.542857, 0.337438, 0.441964, 0.330709, 0.454545, 0.389175, 0.310469, 
67.0, 0.356667, 0.484472, 0.133333, 0.460733, 0.287671, 0.443439, 0.287671, 0.426160, 0.282407, 0.481203, 0.062500, 0.449275, 0.193548, 0.418440, 0.193548, 0.411594, 0.210000, 0.396465, 0.270270, 0.100000, 0.555556, 0.185714, 0.533981, 0.233333, 0.584615, 0.261438, 0.523810, 0.288372, 0.508621, 0.298805, 0.596774, 0.278689, 0.506849, 0.308917, 0.500000, 0.313953, 0.440299, 0.298387, 0.523810, 0.332512, 0.428571, 0.328084, 0.446970, 0.378866, 0.306859, 
68.0, 0.354444, 0.484472, 0.133333, 0.460733, 0.287671, 0.443439, 0.287671, 0.426160, 0.277778, 0.481203, 0.062500, 0.449275, 0.182796, 0.418440, 0.182796, 0.408696, 0.200000, 0.393939, 0.270270, 0.100000, 0.555556, 0.185714, 0.533981, 0.233333, 0.584615, 0.261438, 0.523810, 0.288372, 0.508621, 0.298805, 0.596774, 0.273224, 0.506849, 0.305732, 0.500000, 0.311047, 0.440299, 0.294355, 0.523810, 0.330049, 0.428571, 0.325459, 0.446970, 0.378866, 0.303249, 
69.0, 0.351111, 0.478261, 0.133333, 0.455497, 0.283105, 0.438914, 0.283105, 0.421941, 0.273148, 0.473684, 0.062500, 0.444444, 0.182796, 0.414894, 0.182796, 0.405797, 0.200000, 0.388889, 0.270270, 0.100000, 0.555556, 0.185714, 0.533981, 0.233333, 0.584615, 0.254902, 0.523810, 0.283721, 0.508621, 0.294821, 0.596774, 0.267760, 0.506849, 0.302548, 0.500000, 0.308140, 0.440299, 0.290323, 0.523810, 0.327586, 0.424107, 0.322835, 0.446970, 0.373711, 0.299639, 
71.0, 0.345556, 0.478261, 0.133333, 0.450262, 0.283105, 0.434389, 0.283105, 0.417722, 0.268519, 0.466165, 0.031250, 0.439614, 0.172043, 0.411348, 0.172043, 0.397101, 0.190000, 0.383838, 0.270270, 0.100000, 0.555556, 0.185714, 0.533981, 0.233333, 0.584615, 0.254902, 0.523810, 0.283721, 0.508621, 0.294821, 0.596774, 0.262295, 0.506849, 0.299363, 0.500000, 0.305233, 0.440299, 0.286290, 0.514286, 0.325123, 0.419643, 0.320210, 0.446970, 0.363402, 0.296029, 
72.0, 0.340000, 0.472050, 0.133333, 0.445026, 0.264840, 0.429864, 0.264840, 0.413502, 0.254630, 0.458647, 0.031250, 0.434783, 0.172043, 0.407801, 0.172043, 0.394203, 0.190000, 0.381313, 0.243243, 0.100000, 0.541667, 0.142857, 0.524272, 0.208333, 0.569231, 0.235294, 0.514286, 0.265116, 0.500000, 0.278884, 0.580645, 0.245902, 0.493151, 0.286624, 0.488636, 0.293605, 0.432836, 0.274194, 0.504762, 0.315271, 0.415179, 0.309711, 0.439394, 0.360825, 0.281588, 
73.0, 0.326667, 0.472050, 0.133333, 0.445026, 0.264840, 0.429864, 0.264840, 0.413502, 0.245370, 0.458647, 0.031250, 0.434783, 0.150538, 0.404255, 0.150538, 0.376812, 0.170000, 0.368687, 0.243243, 0.100000, 0.541667, 0.142857, 0.524272, 0.208333, 0.569231, 0.235294, 0.514286, 0.265116, 0.500000, 0.274900, 0.580645, 0.234973, 0.493151, 0.280255, 0.488636, 0.287791, 0.432836, 0.266129, 0.504762, 0.305419, 0.397321, 0.304462, 0.439394, 0.353093, 0.277978, 
74.0, 0.303333, 0.434783, 0.100000, 0.408377, 0.246575, 0.389140, 0.246575, 0.379747, 0.212963, 0.428571, 0.031250, 0.405797, 0.139785, 0.379433, 0.139785, 0.356522, 0.150000, 0.345960, 0.189189, 0.066667, 0.444444, 0.142857, 0.456311, 0.200000, 0.507692, 0.222222, 0.447619, 0.246512, 0.439655, 0.254980, 0.516129, 0.213115, 0.438356, 0.254777, 0.409091, 0.264535, 0.365672, 0.237903, 0.447619, 0.280788, 0.357143, 0.278215, 0.371212, 0.327320, 0.252708, 
76.0, 0.297778, 0.422360, 0.100000, 0.397906, 0.242009, 0.380090, 0.242009, 0.371308, 0.208333, 0.406015, 0.031250, 0.391304, 0.139785, 0.365248, 0.139785, 0.344928, 0.150000, 0.335859, 0.162162, 0.066667, 0.444444, 0.142857, 0.456311, 0.200000, 0.507692, 0.222222, 0.447619, 0.241860, 0.439655, 0.250996, 0.516129, 0.207650, 0.438356, 0.251592, 0.409091, 0.261628, 0.365672, 0.233871, 0.447619, 0.278325, 0.357143, 0.275591, 0.371212, 0.317010, 0.249097, 
77.0, 0.287778, 0.416149, 0.100000, 0.392670, 0.223744, 0.375566, 0.223744, 0.367089, 0.199074, 0.390977, 0.031250, 0.381643, 0.139785, 0.358156, 0.139785, 0.339130, 0.150000, 0.330808, 0.162162, 0.033333, 0.444444, 0.128571, 0.456311, 0.175000, 0.507692, 0.202614, 0.447619, 0.223256, 0.439655, 0.235060, 0.516129, 0.196721, 0.438356, 0.238854, 0.409091, 0.250000, 0.365672, 0.225806, 0.447619, 0.266010, 0.357143, 0.257218, 0.371212, 0.311856, 0.234657, 
78.0, 0.282222, 0.409938, 0.100000, 0.387435, 0.219178, 0.371041, 0.219178, 0.358650, 0.194444, 0.383459, 0.031250, 0.376812, 0.139785, 0.351064, 0.139785, 0.330435, 0.150000, 0.320707, 0.162162, 0.033333, 0.430556, 0.128571, 0.446602, 0.175000, 0.492308, 0.202614, 0.438095, 0.218605, 0.431034, 0.231076, 0.500000, 0.191257, 0.424658, 0.235669, 0.397727, 0.247093, 0.350746, 0.221774, 0.438095, 0.263547, 0.348214, 0.254593, 0.356061, 0.306701, 0.231047, 
79.0, 0.262222, 0.409938, 0.100000, 0.387435, 0.214612, 0.371041, 0.214612, 0.358650, 0.194444, 0.368421, 0.031250, 0.362319, 0.118280, 0.340426, 0.118280, 0.313043, 0.130000, 0.303030, 0.135135, 0.033333, 0.430556, 0.114286, 0.417476, 0.166667, 0.446154, 0.196078, 0.409524, 0.213953, 0.405172, 0.227092, 0.451613, 0.191257, 0.424658, 0.232484, 0.397727, 0.235465, 0.350746, 0.205645, 0.409524, 0.241379, 0.316964, 0.241470, 0.356061, 0.296392, 0.227437, 
80.0, 0.190000, 0.291925, 0.033333, 0.282723, 0.118721, 0.276018, 0.118721, 0.261603, 0.106481, 0.300752, 0.031250, 0.280193, 0.064516, 0.255319, 0.064516, 0.237681, 0.070000, 0.227273, 0.054054, 0.033333, 0.305556, 0.100000, 0.300971, 0.116667, 0.369231, 0.117647, 0.295238, 0.116279, 0.293103, 0.119522, 0.370968, 0.098361, 0.342466, 0.130573, 0.295455, 0.139535, 0.261194, 0.125000, 0.304762, 0.160099, 0.232143, 0.152231, 0.265152, 0.219072, 0.133574, 

