time, entire-set, r1_l, r1_r, r2_l, r2_r, r3_l, r3_r, r4_l, r4_r, r5_l, r5_r, r6_l, r6_r, r7_l, r7_r, r8_l, r8_r, 
4.0, 0.996132, 1.000000, 1.000000, 1.000000, 1.000000, 0.991935, 1.000000, 0.991379, 1.000000, 0.989130, 1.000000, 0.986842, 1.000000, 0.991770, 1.000000, 1.000000, 0.935484, 
7.0, 0.988395, 0.936170, 1.000000, 0.976744, 1.000000, 0.967742, 1.000000, 0.956897, 1.000000, 0.967391, 1.000000, 0.960526, 1.000000, 0.975309, 1.000000, 1.000000, 0.838710, 
8.0, 0.986460, 0.936170, 1.000000, 0.976744, 1.000000, 0.967742, 1.000000, 0.956897, 1.000000, 0.961957, 1.000000, 0.953947, 1.000000, 0.971193, 1.000000, 1.000000, 0.806452, 
9.0, 0.984526, 0.936170, 1.000000, 0.976744, 1.000000, 0.959677, 1.000000, 0.956897, 1.000000, 0.956522, 1.000000, 0.947368, 1.000000, 0.967078, 1.000000, 1.000000, 0.774194, 
10.0, 0.978723, 0.893617, 1.000000, 0.953488, 1.000000, 0.943548, 1.000000, 0.939655, 1.000000, 0.940217, 1.000000, 0.927632, 1.000000, 0.954733, 1.000000, 1.000000, 0.677419, 
11.0, 0.974855, 0.872340, 1.000000, 0.941860, 1.000000, 0.935484, 1.000000, 0.931034, 1.000000, 0.934783, 1.000000, 0.914474, 1.000000, 0.946502, 1.000000, 1.000000, 0.645161, 
12.0, 0.970986, 0.872340, 1.000000, 0.941860, 1.000000, 0.919355, 1.000000, 0.913793, 1.000000, 0.923913, 1.000000, 0.901316, 1.000000, 0.938272, 1.000000, 1.000000, 0.580645, 
14.0, 0.963250, 0.829787, 1.000000, 0.906977, 1.000000, 0.895161, 1.000000, 0.905172, 1.000000, 0.907609, 1.000000, 0.875000, 1.000000, 0.921811, 1.000000, 1.000000, 0.548387, 
15.0, 0.959381, 0.829787, 1.000000, 0.906977, 1.000000, 0.895161, 1.000000, 0.896552, 1.000000, 0.902174, 1.000000, 0.861842, 1.000000, 0.913580, 1.000000, 1.000000, 0.516129, 
18.0, 0.957447, 0.808511, 1.000000, 0.895349, 1.000000, 0.887097, 1.000000, 0.887931, 1.000000, 0.896739, 1.000000, 0.855263, 1.000000, 0.909465, 1.000000, 1.000000, 0.516129, 
19.0, 0.953578, 0.787234, 1.000000, 0.872093, 1.000000, 0.870968, 1.000000, 0.879310, 1.000000, 0.885870, 1.000000, 0.842105, 1.000000, 0.901235, 1.000000, 1.000000, 0.483871, 
20.0, 0.951644, 0.765957, 1.000000, 0.872093, 1.000000, 0.862903, 1.000000, 0.879310, 1.000000, 0.880435, 1.000000, 0.835526, 1.000000, 0.897119, 1.000000, 1.000000, 0.483871, 
21.0, 0.949710, 0.744681, 1.000000, 0.860465, 1.000000, 0.854839, 1.000000, 0.870690, 1.000000, 0.875000, 1.000000, 0.828947, 1.000000, 0.893004, 1.000000, 1.000000, 0.483871, 
22.0, 0.945841, 0.723404, 1.000000, 0.848837, 1.000000, 0.846774, 1.000000, 0.870690, 1.000000, 0.864130, 1.000000, 0.822368, 1.000000, 0.884774, 1.000000, 1.000000, 0.419355, 
23.0, 0.936170, 0.659574, 1.000000, 0.813953, 1.000000, 0.822581, 1.000000, 0.844828, 1.000000, 0.842391, 1.000000, 0.789474, 1.000000, 0.864198, 1.000000, 1.000000, 0.419355, 
24.0, 0.932302, 0.659574, 1.000000, 0.802326, 1.000000, 0.814516, 1.000000, 0.844828, 1.000000, 0.836957, 1.000000, 0.782895, 1.000000, 0.860082, 1.000000, 1.000000, 0.419355, 
25.0, 0.930368, 0.638298, 1.000000, 0.790698, 1.000000, 0.806452, 1.000000, 0.836207, 1.000000, 0.831522, 1.000000, 0.776316, 1.000000, 0.855967, 1.000000, 1.000000, 0.419355, 
26.0, 0.922631, 0.595745, 1.000000, 0.744186, 1.000000, 0.774194, 1.000000, 0.810345, 1.000000, 0.809783, 1.000000, 0.750000, 1.000000, 0.839506, 1.000000, 1.000000, 0.387097, 
28.0, 0.920696, 0.574468, 1.000000, 0.732558, 1.000000, 0.766129, 1.000000, 0.801724, 1.000000, 0.804348, 1.000000, 0.743421, 1.000000, 0.835391, 1.000000, 1.000000, 0.387097, 
29.0, 0.918762, 0.553191, 1.000000, 0.720930, 1.000000, 0.758065, 1.000000, 0.801724, 1.000000, 0.798913, 1.000000, 0.736842, 1.000000, 0.831276, 1.000000, 1.000000, 0.387097, 
30.0, 0.914894, 0.531915, 1.000000, 0.697674, 1.000000, 0.741935, 1.000000, 0.793103, 1.000000, 0.788043, 1.000000, 0.723684, 1.000000, 0.823045, 1.000000, 1.000000, 0.387097, 
31.0, 0.911025, 0.510638, 1.000000, 0.686047, 1.000000, 0.733871, 1.000000, 0.775862, 1.000000, 0.777174, 1.000000, 0.710526, 1.000000, 0.814815, 1.000000, 1.000000, 0.387097, 
32.0, 0.907157, 0.510638, 1.000000, 0.662791, 1.000000, 0.717742, 1.000000, 0.767241, 1.000000, 0.766304, 1.000000, 0.697368, 1.000000, 0.806584, 1.000000, 1.000000, 0.387097, 
33.0, 0.905222, 0.510638, 1.000000, 0.662791, 1.000000, 0.709677, 1.000000, 0.758621, 1.000000, 0.760870, 1.000000, 0.690789, 1.000000, 0.802469, 1.000000, 1.000000, 0.387097, 
34.0, 0.903288, 0.489362, 1.000000, 0.651163, 1.000000, 0.701613, 1.000000, 0.750000, 1.000000, 0.755435, 1.000000, 0.684211, 1.000000, 0.798354, 1.000000, 1.000000, 0.387097, 
35.0, 0.897485, 0.489362, 1.000000, 0.639535, 1.000000, 0.693548, 1.000000, 0.741379, 1.000000, 0.744565, 1.000000, 0.664474, 1.000000, 0.786008, 1.000000, 1.000000, 0.354839, 
36.0, 0.893617, 0.468085, 1.000000, 0.627907, 1.000000, 0.685484, 1.000000, 0.724138, 1.000000, 0.733696, 1.000000, 0.651316, 1.000000, 0.777778, 1.000000, 1.000000, 0.354839, 
37.0, 0.889749, 0.468085, 1.000000, 0.616279, 1.000000, 0.677419, 1.000000, 0.715517, 1.000000, 0.728261, 1.000000, 0.638158, 1.000000, 0.769547, 1.000000, 1.000000, 0.322581, 
38.0, 0.885880, 0.468085, 1.000000, 0.604651, 1.000000, 0.669355, 1.000000, 0.706897, 1.000000, 0.722826, 1.000000, 0.631579, 1.000000, 0.761317, 1.000000, 1.000000, 0.290323, 
40.0, 0.883946, 0.468085, 1.000000, 0.604651, 1.000000, 0.669355, 1.000000, 0.698276, 1.000000, 0.717391, 1.000000, 0.625000, 1.000000, 0.757202, 1.000000, 1.000000, 0.290323, 
43.0, 0.882012, 0.468085, 1.000000, 0.593023, 1.000000, 0.661290, 1.000000, 0.689655, 1.000000, 0.711957, 1.000000, 0.625000, 1.000000, 0.753086, 1.000000, 1.000000, 0.290323, 
44.0, 0.876209, 0.446809, 1.000000, 0.581395, 1.000000, 0.645161, 1.000000, 0.681034, 1.000000, 0.701087, 1.000000, 0.611842, 1.000000, 0.740741, 1.000000, 1.000000, 0.258065, 
45.0, 0.870406, 0.404255, 1.000000, 0.569767, 1.000000, 0.620968, 1.000000, 0.655172, 1.000000, 0.684783, 1.000000, 0.592105, 1.000000, 0.728395, 1.000000, 1.000000, 0.258065, 
46.0, 0.864603, 0.404255, 1.000000, 0.546512, 1.000000, 0.604839, 1.000000, 0.637931, 1.000000, 0.668478, 1.000000, 0.585526, 1.000000, 0.716049, 1.000000, 1.000000, 0.258065, 
47.0, 0.858801, 0.382979, 1.000000, 0.511628, 1.000000, 0.580645, 1.000000, 0.620690, 1.000000, 0.652174, 1.000000, 0.578947, 1.000000, 0.703704, 1.000000, 1.000000, 0.258065, 
48.0, 0.856867, 0.382979, 1.000000, 0.511628, 1.000000, 0.580645, 1.000000, 0.620690, 1.000000, 0.652174, 1.000000, 0.572368, 1.000000, 0.699588, 1.000000, 1.000000, 0.258065, 
50.0, 0.854932, 0.382979, 1.000000, 0.511628, 1.000000, 0.572581, 1.000000, 0.620690, 1.000000, 0.646739, 1.000000, 0.572368, 1.000000, 0.695473, 1.000000, 1.000000, 0.258065, 
51.0, 0.847195, 0.340426, 1.000000, 0.500000, 1.000000, 0.548387, 1.000000, 0.594828, 1.000000, 0.630435, 1.000000, 0.552632, 1.000000, 0.679012, 1.000000, 1.000000, 0.225806, 
52.0, 0.845261, 0.340426, 1.000000, 0.488372, 1.000000, 0.540323, 1.000000, 0.586207, 1.000000, 0.625000, 1.000000, 0.552632, 1.000000, 0.674897, 1.000000, 1.000000, 0.225806, 
53.0, 0.843327, 0.340426, 1.000000, 0.488372, 1.000000, 0.540323, 1.000000, 0.586207, 1.000000, 0.619565, 1.000000, 0.552632, 1.000000, 0.670782, 1.000000, 1.000000, 0.225806, 
54.0, 0.837524, 0.319149, 1.000000, 0.465116, 1.000000, 0.516129, 1.000000, 0.577586, 1.000000, 0.603261, 1.000000, 0.546053, 1.000000, 0.658436, 1.000000, 1.000000, 0.225806, 
55.0, 0.835590, 0.319149, 1.000000, 0.465116, 1.000000, 0.516129, 1.000000, 0.577586, 1.000000, 0.597826, 1.000000, 0.546053, 1.000000, 0.654321, 1.000000, 1.000000, 0.225806, 
56.0, 0.829787, 0.297872, 1.000000, 0.453488, 1.000000, 0.508065, 1.000000, 0.560345, 1.000000, 0.581522, 1.000000, 0.532895, 1.000000, 0.641975, 1.000000, 1.000000, 0.225806, 
57.0, 0.823985, 0.297872, 1.000000, 0.441860, 1.000000, 0.500000, 1.000000, 0.543103, 1.000000, 0.565217, 1.000000, 0.526316, 1.000000, 0.629630, 1.000000, 1.000000, 0.225806, 
58.0, 0.820116, 0.276596, 1.000000, 0.418605, 1.000000, 0.483871, 1.000000, 0.525862, 1.000000, 0.554348, 1.000000, 0.519737, 1.000000, 0.621399, 1.000000, 1.000000, 0.193548, 
59.0, 0.818182, 0.255319, 1.000000, 0.406977, 1.000000, 0.475806, 1.000000, 0.525862, 1.000000, 0.548913, 1.000000, 0.513158, 1.000000, 0.617284, 1.000000, 1.000000, 0.193548, 
61.0, 0.816248, 0.234043, 1.000000, 0.395349, 1.000000, 0.467742, 1.000000, 0.525862, 1.000000, 0.543478, 1.000000, 0.506579, 1.000000, 0.613169, 1.000000, 1.000000, 0.193548, 
62.0, 0.814313, 0.212766, 1.000000, 0.383721, 1.000000, 0.459677, 1.000000, 0.525862, 1.000000, 0.538043, 1.000000, 0.500000, 1.000000, 0.609053, 1.000000, 1.000000, 0.193548, 
65.0, 0.808511, 0.170213, 1.000000, 0.360465, 1.000000, 0.443548, 1.000000, 0.508621, 1.000000, 0.521739, 1.000000, 0.486842, 1.000000, 0.596708, 1.000000, 1.000000, 0.193548, 
67.0, 0.806576, 0.170213, 1.000000, 0.360465, 1.000000, 0.443548, 1.000000, 0.508621, 1.000000, 0.521739, 1.000000, 0.480263, 1.000000, 0.592593, 1.000000, 1.000000, 0.161290, 
68.0, 0.802708, 0.148936, 1.000000, 0.348837, 1.000000, 0.435484, 1.000000, 0.508621, 1.000000, 0.516304, 1.000000, 0.473684, 1.000000, 0.584362, 1.000000, 1.000000, 0.161290, 
69.0, 0.798839, 0.148936, 1.000000, 0.348837, 1.000000, 0.427419, 1.000000, 0.508621, 1.000000, 0.505435, 1.000000, 0.460526, 1.000000, 0.576132, 1.000000, 1.000000, 0.161290, 
70.0, 0.794971, 0.127660, 1.000000, 0.337209, 1.000000, 0.419355, 1.000000, 0.500000, 1.000000, 0.500000, 1.000000, 0.453947, 1.000000, 0.572016, 1.000000, 1.000000, 0.161290, 
71.0, 0.791103, 0.127660, 1.000000, 0.325581, 1.000000, 0.403226, 1.000000, 0.482759, 1.000000, 0.489130, 1.000000, 0.440789, 1.000000, 0.563786, 1.000000, 1.000000, 0.161290, 
72.0, 0.789168, 0.127660, 1.000000, 0.325581, 1.000000, 0.403226, 1.000000, 0.474138, 1.000000, 0.483696, 1.000000, 0.434211, 1.000000, 0.559671, 1.000000, 1.000000, 0.161290, 
73.0, 0.785300, 0.127660, 0.996226, 0.325581, 0.996226, 0.403226, 0.996226, 0.465517, 0.996226, 0.478261, 0.996226, 0.427632, 0.996139, 0.555556, 0.996183, 1.000000, 0.161290, 
74.0, 0.779497, 0.127660, 0.996226, 0.325581, 0.996226, 0.403226, 0.996226, 0.448276, 0.996226, 0.467391, 0.996226, 0.421053, 0.996139, 0.543210, 0.996183, 1.000000, 0.161290, 
75.0, 0.777563, 0.127660, 0.992453, 0.325581, 0.992453, 0.403226, 0.992453, 0.448276, 0.992453, 0.467391, 0.992453, 0.421053, 0.992278, 0.543210, 0.992366, 1.000000, 0.161290, 
76.0, 0.775629, 0.106383, 0.992453, 0.325581, 0.992453, 0.395161, 0.992453, 0.439655, 0.992453, 0.461957, 0.992453, 0.414474, 0.992278, 0.539095, 0.992366, 1.000000, 0.161290, 
78.0, 0.771760, 0.106383, 0.992453, 0.313953, 0.992453, 0.379032, 0.992453, 0.422414, 0.992453, 0.451087, 0.992453, 0.407895, 0.992278, 0.530864, 0.992366, 1.000000, 0.161290, 
79.0, 0.764023, 0.106383, 0.988679, 0.313953, 0.988679, 0.370968, 0.988679, 0.405172, 0.988679, 0.440217, 0.988679, 0.401316, 0.988417, 0.518519, 0.988550, 0.995851, 0.129032, 
80.0, 0.760155, 0.106383, 0.984906, 0.313953, 0.984906, 0.370968, 0.984906, 0.405172, 0.984906, 0.440217, 0.984906, 0.394737, 0.984556, 0.514403, 0.984733, 0.991701, 0.129032, 
81.0, 0.754352, 0.106383, 0.984906, 0.302326, 0.984906, 0.362903, 0.984906, 0.387931, 0.984906, 0.429348, 0.984906, 0.375000, 0.984556, 0.502058, 0.984733, 0.991701, 0.129032, 
83.0, 0.750484, 0.106383, 0.984906, 0.290698, 0.984906, 0.354839, 0.984906, 0.379310, 0.984906, 0.423913, 0.984906, 0.368421, 0.984556, 0.493827, 0.984733, 0.991701, 0.129032, 
84.0, 0.746615, 0.085106, 0.981132, 0.279070, 0.981132, 0.346774, 0.981132, 0.370690, 0.981132, 0.418478, 0.981132, 0.361842, 0.980695, 0.489712, 0.980916, 0.987552, 0.129032, 
85.0, 0.742747, 0.085106, 0.977358, 0.279070, 0.977358, 0.346774, 0.977358, 0.370690, 0.977358, 0.418478, 0.977358, 0.361842, 0.976834, 0.485597, 0.977099, 0.983402, 0.129032, 
86.0, 0.736944, 0.085106, 0.969811, 0.267442, 0.969811, 0.338710, 0.969811, 0.362069, 0.969811, 0.413043, 0.969811, 0.355263, 0.969112, 0.481481, 0.969466, 0.979253, 0.129032, 
87.0, 0.727273, 0.085106, 0.962264, 0.244186, 0.962264, 0.322581, 0.962264, 0.353448, 0.962264, 0.396739, 0.962264, 0.355263, 0.961390, 0.469136, 0.961832, 0.975104, 0.129032, 
89.0, 0.723404, 0.085106, 0.958491, 0.244186, 0.958491, 0.322581, 0.958491, 0.353448, 0.958491, 0.391304, 0.958491, 0.355263, 0.957529, 0.465021, 0.958015, 0.970954, 0.129032, 
90.0, 0.715667, 0.085106, 0.943396, 0.244186, 0.943396, 0.322581, 0.943396, 0.353448, 0.943396, 0.391304, 0.943396, 0.355263, 0.942085, 0.465021, 0.942748, 0.954357, 0.129032, 
91.0, 0.713733, 0.085106, 0.943396, 0.232558, 0.943396, 0.314516, 0.943396, 0.344828, 0.943396, 0.385870, 0.943396, 0.355263, 0.942085, 0.460905, 0.942748, 0.954357, 0.129032, 
92.0, 0.707930, 0.085106, 0.935849, 0.232558, 0.935849, 0.314516, 0.935849, 0.336207, 0.935849, 0.380435, 0.935849, 0.348684, 0.934363, 0.456790, 0.935115, 0.946058, 0.129032, 
93.0, 0.705996, 0.085106, 0.932075, 0.232558, 0.932075, 0.314516, 0.932075, 0.336207, 0.932075, 0.380435, 0.932075, 0.348684, 0.930502, 0.456790, 0.931298, 0.941909, 0.129032, 
94.0, 0.702128, 0.085106, 0.928302, 0.220930, 0.928302, 0.306452, 0.928302, 0.327586, 0.928302, 0.375000, 0.928302, 0.342105, 0.926641, 0.452675, 0.927481, 0.937759, 0.129032, 
95.0, 0.698259, 0.085106, 0.920755, 0.220930, 0.920755, 0.306452, 0.920755, 0.327586, 0.920755, 0.375000, 0.920755, 0.342105, 0.918919, 0.452675, 0.919847, 0.929461, 0.129032, 
96.0, 0.694391, 0.085106, 0.916981, 0.220930, 0.916981, 0.306452, 0.916981, 0.318966, 0.916981, 0.369565, 0.916981, 0.342105, 0.915058, 0.448560, 0.916031, 0.925311, 0.129032, 
97.0, 0.692456, 0.085106, 0.916981, 0.220930, 0.916981, 0.306452, 0.916981, 0.318966, 0.916981, 0.369565, 0.916981, 0.335526, 0.915058, 0.444444, 0.916031, 0.925311, 0.129032, 
98.0, 0.688588, 0.085106, 0.909434, 0.220930, 0.909434, 0.306452, 0.909434, 0.318966, 0.909434, 0.369565, 0.909434, 0.335526, 0.907336, 0.444444, 0.908397, 0.917012, 0.129032, 
99.0, 0.684720, 0.085106, 0.905660, 0.220930, 0.905660, 0.306452, 0.905660, 0.310345, 0.905660, 0.364130, 0.905660, 0.328947, 0.903475, 0.440329, 0.904580, 0.912863, 0.129032, 
100.0, 0.680851, 0.085106, 0.901887, 0.220930, 0.901887, 0.306452, 0.901887, 0.310345, 0.901887, 0.364130, 0.901887, 0.328947, 0.903475, 0.436214, 0.900763, 0.912863, 0.129032, 
101.0, 0.678917, 0.085106, 0.898113, 0.220930, 0.898113, 0.306452, 0.898113, 0.310345, 0.898113, 0.364130, 0.898113, 0.328947, 0.899614, 0.436214, 0.896947, 0.912863, 0.129032, 
102.0, 0.671180, 0.085106, 0.886792, 0.220930, 0.886792, 0.306452, 0.886792, 0.310345, 0.886792, 0.364130, 0.886792, 0.328947, 0.888031, 0.432099, 0.885496, 0.900415, 0.129032, 
103.0, 0.669246, 0.085106, 0.883019, 0.220930, 0.883019, 0.306452, 0.883019, 0.310345, 0.883019, 0.364130, 0.883019, 0.328947, 0.884170, 0.432099, 0.881679, 0.896266, 0.129032, 
104.0, 0.665377, 0.085106, 0.879245, 0.220930, 0.879245, 0.306452, 0.879245, 0.301724, 0.879245, 0.358696, 0.879245, 0.328947, 0.880309, 0.427984, 0.877863, 0.896266, 0.129032, 
105.0, 0.663443, 0.085106, 0.879245, 0.220930, 0.879245, 0.298387, 0.879245, 0.293103, 0.879245, 0.353261, 0.879245, 0.322368, 0.880309, 0.423868, 0.877863, 0.896266, 0.129032, 
106.0, 0.653772, 0.085106, 0.871698, 0.209302, 0.871698, 0.290323, 0.871698, 0.284483, 0.871698, 0.347826, 0.871698, 0.315789, 0.872587, 0.411523, 0.870229, 0.892116, 0.129032, 
107.0, 0.651838, 0.085106, 0.871698, 0.197674, 0.871698, 0.282258, 0.871698, 0.284483, 0.871698, 0.342391, 0.871698, 0.315789, 0.872587, 0.407407, 0.870229, 0.892116, 0.129032, 
110.0, 0.647969, 0.063830, 0.867925, 0.186047, 0.867925, 0.274194, 0.867925, 0.275862, 0.867925, 0.336957, 0.867925, 0.309211, 0.868726, 0.403292, 0.866412, 0.887967, 0.129032, 
111.0, 0.646035, 0.063830, 0.864151, 0.186047, 0.864151, 0.274194, 0.864151, 0.275862, 0.864151, 0.336957, 0.864151, 0.309211, 0.864865, 0.403292, 0.862595, 0.883817, 0.129032, 
115.0, 0.636364, 0.063830, 0.856604, 0.174419, 0.856604, 0.266129, 0.856604, 0.267241, 0.856604, 0.331522, 0.856604, 0.302632, 0.857143, 0.390947, 0.854962, 0.875519, 0.129032, 
116.0, 0.634429, 0.063830, 0.856604, 0.174419, 0.856604, 0.266129, 0.856604, 0.267241, 0.856604, 0.331522, 0.856604, 0.302632, 0.857143, 0.386831, 0.854962, 0.875519, 0.129032, 
118.0, 0.632495, 0.063830, 0.852830, 0.174419, 0.852830, 0.266129, 0.852830, 0.267241, 0.852830, 0.331522, 0.852830, 0.302632, 0.853282, 0.386831, 0.851145, 0.871369, 0.129032, 
119.0, 0.624758, 0.063830, 0.849057, 0.174419, 0.849057, 0.250000, 0.849057, 0.258621, 0.849057, 0.315217, 0.849057, 0.296053, 0.849421, 0.374486, 0.847328, 0.867220, 0.129032, 
120.0, 0.620890, 0.063830, 0.845283, 0.162791, 0.845283, 0.241935, 0.845283, 0.258621, 0.845283, 0.309783, 0.845283, 0.296053, 0.845560, 0.370370, 0.843511, 0.863071, 0.129032, 
121.0, 0.615087, 0.063830, 0.841509, 0.139535, 0.841509, 0.225806, 0.841509, 0.241379, 0.841509, 0.298913, 0.841509, 0.296053, 0.841699, 0.362140, 0.839695, 0.858921, 0.129032, 
122.0, 0.609284, 0.063830, 0.841509, 0.127907, 0.841509, 0.217742, 0.841509, 0.224138, 0.841509, 0.288043, 0.841509, 0.282895, 0.841699, 0.349794, 0.839695, 0.858921, 0.129032, 
123.0, 0.603482, 0.063830, 0.837736, 0.127907, 0.837736, 0.217742, 0.837736, 0.224138, 0.837736, 0.288043, 0.837736, 0.282895, 0.837838, 0.349794, 0.835878, 0.854772, 0.129032, 
124.0, 0.599613, 0.063830, 0.833962, 0.127907, 0.833962, 0.209677, 0.833962, 0.215517, 0.833962, 0.282609, 0.833962, 0.276316, 0.833977, 0.345679, 0.832061, 0.850622, 0.129032, 
126.0, 0.597679, 0.063830, 0.833962, 0.127907, 0.833962, 0.209677, 0.833962, 0.215517, 0.833962, 0.277174, 0.833962, 0.276316, 0.833977, 0.345679, 0.832061, 0.850622, 0.129032, 
127.0, 0.595745, 0.063830, 0.833962, 0.127907, 0.833962, 0.209677, 0.833962, 0.206897, 0.833962, 0.271739, 0.833962, 0.276316, 0.833977, 0.341564, 0.832061, 0.850622, 0.129032, 
129.0, 0.593810, 0.063830, 0.833962, 0.127907, 0.833962, 0.209677, 0.833962, 0.206897, 0.833962, 0.266304, 0.833962, 0.276316, 0.833977, 0.337449, 0.832061, 0.850622, 0.129032, 
130.0, 0.589942, 0.063830, 0.830189, 0.127907, 0.830189, 0.209677, 0.830189, 0.206897, 0.830189, 0.266304, 0.830189, 0.276316, 0.830116, 0.333333, 0.828244, 0.846473, 0.129032, 
131.0, 0.588008, 0.063830, 0.826415, 0.127907, 0.826415, 0.209677, 0.826415, 0.206897, 0.826415, 0.266304, 0.826415, 0.276316, 0.826255, 0.333333, 0.824427, 0.842324, 0.129032, 
132.0, 0.586074, 0.063830, 0.822642, 0.127907, 0.822642, 0.209677, 0.822642, 0.206897, 0.822642, 0.266304, 0.822642, 0.276316, 0.822394, 0.333333, 0.820611, 0.838174, 0.129032, 
133.0, 0.584139, 0.063830, 0.818868, 0.127907, 0.818868, 0.209677, 0.818868, 0.206897, 0.818868, 0.266304, 0.818868, 0.276316, 0.818533, 0.333333, 0.816794, 0.834025, 0.129032, 
136.0, 0.580271, 0.063830, 0.815094, 0.116279, 0.815094, 0.201613, 0.815094, 0.198276, 0.815094, 0.260870, 0.815094, 0.269737, 0.814672, 0.329218, 0.812977, 0.829876, 0.129032, 
137.0, 0.578337, 0.063830, 0.815094, 0.116279, 0.815094, 0.201613, 0.815094, 0.198276, 0.815094, 0.260870, 0.815094, 0.269737, 0.814672, 0.325103, 0.812977, 0.829876, 0.129032, 
138.0, 0.576402, 0.063830, 0.811321, 0.116279, 0.811321, 0.201613, 0.811321, 0.198276, 0.811321, 0.260870, 0.811321, 0.269737, 0.810811, 0.325103, 0.809160, 0.825726, 0.129032, 
139.0, 0.574468, 0.063830, 0.807547, 0.116279, 0.807547, 0.201613, 0.807547, 0.198276, 0.807547, 0.260870, 0.807547, 0.269737, 0.806950, 0.325103, 0.805344, 0.821577, 0.129032, 
142.0, 0.568665, 0.063830, 0.796226, 0.116279, 0.796226, 0.201613, 0.796226, 0.198276, 0.796226, 0.260870, 0.796226, 0.269737, 0.795367, 0.325103, 0.793893, 0.809129, 0.129032, 
143.0, 0.564797, 0.063830, 0.792453, 0.116279, 0.792453, 0.201613, 0.792453, 0.198276, 0.792453, 0.260870, 0.792453, 0.269737, 0.791506, 0.320988, 0.790076, 0.804979, 0.129032, 
144.0, 0.558994, 0.063830, 0.788679, 0.116279, 0.788679, 0.185484, 0.788679, 0.198276, 0.788679, 0.250000, 0.788679, 0.269737, 0.787645, 0.312757, 0.786260, 0.800830, 0.129032, 
147.0, 0.557060, 0.063830, 0.788679, 0.116279, 0.788679, 0.185484, 0.788679, 0.198276, 0.788679, 0.250000, 0.788679, 0.263158, 0.787645, 0.308642, 0.786260, 0.800830, 0.129032, 
148.0, 0.553191, 0.063830, 0.784906, 0.116279, 0.784906, 0.185484, 0.784906, 0.198276, 0.784906, 0.250000, 0.784906, 0.263158, 0.783784, 0.304527, 0.782443, 0.800830, 0.129032, 
150.0, 0.551257, 0.063830, 0.781132, 0.116279, 0.781132, 0.185484, 0.781132, 0.198276, 0.781132, 0.250000, 0.781132, 0.263158, 0.779923, 0.304527, 0.778626, 0.796680, 0.129032, 
151.0, 0.549323, 0.063830, 0.777358, 0.116279, 0.777358, 0.185484, 0.777358, 0.198276, 0.777358, 0.250000, 0.777358, 0.263158, 0.776062, 0.304527, 0.774809, 0.792531, 0.129032, 
152.0, 0.547389, 0.063830, 0.773585, 0.116279, 0.773585, 0.185484, 0.773585, 0.198276, 0.773585, 0.250000, 0.773585, 0.263158, 0.772201, 0.304527, 0.770992, 0.788382, 0.129032, 
153.0, 0.545455, 0.063830, 0.769811, 0.116279, 0.769811, 0.185484, 0.769811, 0.198276, 0.769811, 0.250000, 0.769811, 0.263158, 0.768340, 0.304527, 0.767176, 0.784232, 0.129032, 
154.0, 0.543520, 0.063830, 0.766038, 0.116279, 0.766038, 0.185484, 0.766038, 0.198276, 0.766038, 0.250000, 0.766038, 0.263158, 0.764479, 0.304527, 0.763359, 0.780083, 0.129032, 
155.0, 0.541586, 0.063830, 0.766038, 0.104651, 0.766038, 0.177419, 0.766038, 0.198276, 0.766038, 0.244565, 0.766038, 0.263158, 0.764479, 0.300412, 0.763359, 0.780083, 0.129032, 
156.0, 0.535783, 0.063830, 0.762264, 0.093023, 0.762264, 0.169355, 0.762264, 0.189655, 0.762264, 0.239130, 0.762264, 0.250000, 0.760618, 0.292181, 0.759542, 0.775934, 0.096774, 
157.0, 0.533849, 0.063830, 0.762264, 0.093023, 0.762264, 0.169355, 0.762264, 0.189655, 0.762264, 0.239130, 0.762264, 0.250000, 0.760618, 0.288066, 0.759542, 0.775934, 0.096774, 
159.0, 0.528046, 0.063830, 0.758491, 0.081395, 0.758491, 0.161290, 0.758491, 0.172414, 0.758491, 0.228261, 0.758491, 0.243421, 0.756757, 0.279835, 0.755725, 0.771784, 0.096774, 
161.0, 0.524178, 0.063830, 0.754717, 0.081395, 0.754717, 0.161290, 0.754717, 0.172414, 0.754717, 0.228261, 0.754717, 0.236842, 0.752896, 0.275720, 0.751908, 0.767635, 0.096774, 
162.0, 0.520309, 0.063830, 0.747170, 0.081395, 0.747170, 0.161290, 0.747170, 0.172414, 0.747170, 0.228261, 0.747170, 0.236842, 0.745174, 0.275720, 0.744275, 0.759336, 0.096774, 
164.0, 0.516441, 0.063830, 0.747170, 0.081395, 0.747170, 0.145161, 0.747170, 0.155172, 0.747170, 0.217391, 0.747170, 0.230263, 0.745174, 0.267490, 0.744275, 0.759336, 0.096774, 
166.0, 0.512573, 0.063830, 0.739623, 0.081395, 0.739623, 0.145161, 0.739623, 0.155172, 0.739623, 0.217391, 0.739623, 0.230263, 0.737452, 0.267490, 0.736641, 0.751037, 0.096774, 
167.0, 0.508704, 0.063830, 0.735849, 0.081395, 0.735849, 0.137097, 0.735849, 0.146552, 0.735849, 0.211957, 0.735849, 0.223684, 0.737452, 0.263374, 0.736641, 0.746888, 0.064516, 
168.0, 0.500967, 0.063830, 0.728302, 0.069767, 0.728302, 0.129032, 0.728302, 0.137931, 0.728302, 0.206522, 0.728302, 0.217105, 0.729730, 0.255144, 0.729008, 0.738589, 0.064516, 
169.0, 0.499033, 0.063830, 0.724528, 0.069767, 0.724528, 0.129032, 0.724528, 0.137931, 0.724528, 0.206522, 0.724528, 0.217105, 0.725869, 0.255144, 0.725191, 0.734440, 0.064516, 
170.0, 0.493230, 0.063830, 0.716981, 0.069767, 0.716981, 0.129032, 0.716981, 0.129310, 0.716981, 0.201087, 0.716981, 0.217105, 0.718147, 0.251029, 0.717557, 0.726141, 0.064516, 
171.0, 0.491296, 0.063830, 0.713208, 0.069767, 0.713208, 0.129032, 0.713208, 0.129310, 0.713208, 0.201087, 0.713208, 0.217105, 0.714286, 0.251029, 0.713740, 0.721992, 0.064516, 
174.0, 0.489362, 0.063830, 0.709434, 0.069767, 0.709434, 0.129032, 0.709434, 0.129310, 0.709434, 0.201087, 0.709434, 0.217105, 0.710425, 0.251029, 0.709924, 0.717842, 0.064516, 
175.0, 0.483559, 0.063830, 0.705660, 0.069767, 0.705660, 0.129032, 0.705660, 0.120690, 0.705660, 0.195652, 0.705660, 0.210526, 0.706564, 0.242798, 0.706107, 0.713693, 0.064516, 
176.0, 0.479691, 0.063830, 0.701887, 0.069767, 0.701887, 0.129032, 0.701887, 0.120690, 0.701887, 0.190217, 0.701887, 0.210526, 0.702703, 0.238683, 0.702290, 0.709544, 0.064516, 
177.0, 0.477756, 0.063830, 0.698113, 0.069767, 0.698113, 0.129032, 0.698113, 0.120690, 0.698113, 0.190217, 0.698113, 0.210526, 0.698842, 0.238683, 0.698473, 0.705394, 0.064516, 
180.0, 0.473888, 0.063830, 0.698113, 0.069767, 0.698113, 0.129032, 0.698113, 0.120690, 0.698113, 0.184783, 0.698113, 0.203947, 0.698842, 0.230453, 0.698473, 0.705394, 0.064516, 
181.0, 0.471954, 0.063830, 0.694340, 0.069767, 0.694340, 0.129032, 0.694340, 0.120690, 0.694340, 0.184783, 0.694340, 0.203947, 0.694981, 0.230453, 0.694656, 0.701245, 0.064516, 
182.0, 0.470019, 0.063830, 0.690566, 0.069767, 0.690566, 0.129032, 0.690566, 0.120690, 0.690566, 0.184783, 0.690566, 0.203947, 0.691120, 0.230453, 0.690840, 0.697095, 0.064516, 
183.0, 0.468085, 0.063830, 0.690566, 0.069767, 0.690566, 0.129032, 0.690566, 0.120690, 0.690566, 0.184783, 0.690566, 0.203947, 0.691120, 0.226337, 0.690840, 0.697095, 0.064516, 
184.0, 0.462282, 0.063830, 0.683019, 0.069767, 0.683019, 0.120968, 0.683019, 0.112069, 0.683019, 0.179348, 0.683019, 0.203947, 0.687259, 0.222222, 0.683206, 0.692946, 0.064516, 
186.0, 0.458414, 0.063830, 0.679245, 0.069767, 0.679245, 0.120968, 0.679245, 0.112069, 0.679245, 0.179348, 0.679245, 0.197368, 0.687259, 0.218107, 0.683206, 0.688797, 0.064516, 
187.0, 0.456480, 0.063830, 0.675472, 0.069767, 0.675472, 0.120968, 0.675472, 0.112069, 0.675472, 0.179348, 0.675472, 0.197368, 0.683398, 0.218107, 0.679389, 0.684647, 0.064516, 
188.0, 0.452611, 0.063830, 0.671698, 0.069767, 0.671698, 0.120968, 0.671698, 0.112069, 0.671698, 0.173913, 0.671698, 0.197368, 0.679537, 0.213992, 0.675573, 0.680498, 0.064516, 
189.0, 0.450677, 0.063830, 0.667925, 0.069767, 0.667925, 0.120968, 0.667925, 0.112069, 0.667925, 0.173913, 0.667925, 0.197368, 0.675676, 0.213992, 0.671756, 0.676349, 0.064516, 
190.0, 0.448743, 0.063830, 0.664151, 0.069767, 0.664151, 0.120968, 0.664151, 0.112069, 0.664151, 0.173913, 0.664151, 0.197368, 0.671815, 0.213992, 0.667939, 0.676349, 0.064516, 
191.0, 0.446809, 0.063830, 0.660377, 0.069767, 0.660377, 0.120968, 0.660377, 0.112069, 0.660377, 0.173913, 0.660377, 0.197368, 0.671815, 0.213992, 0.664122, 0.676349, 0.064516, 
192.0, 0.442940, 0.063830, 0.652830, 0.069767, 0.652830, 0.120968, 0.652830, 0.112069, 0.652830, 0.173913, 0.652830, 0.197368, 0.664093, 0.213992, 0.656489, 0.668050, 0.064516, 
193.0, 0.441006, 0.063830, 0.649057, 0.069767, 0.649057, 0.120968, 0.649057, 0.112069, 0.649057, 0.173913, 0.649057, 0.197368, 0.660232, 0.213992, 0.652672, 0.663900, 0.064516, 
198.0, 0.439072, 0.063830, 0.645283, 0.069767, 0.645283, 0.120968, 0.645283, 0.112069, 0.645283, 0.173913, 0.645283, 0.197368, 0.656371, 0.213992, 0.648855, 0.663900, 0.064516, 
199.0, 0.437137, 0.063830, 0.645283, 0.069767, 0.645283, 0.120968, 0.645283, 0.112069, 0.645283, 0.173913, 0.645283, 0.197368, 0.656371, 0.209877, 0.648855, 0.663900, 0.064516, 
200.0, 0.435203, 0.063830, 0.645283, 0.069767, 0.645283, 0.120968, 0.645283, 0.112069, 0.645283, 0.173913, 0.645283, 0.197368, 0.656371, 0.209877, 0.648855, 0.663900, 0.064516, 
203.0, 0.431335, 0.063830, 0.641509, 0.069767, 0.641509, 0.120968, 0.641509, 0.112069, 0.641509, 0.168478, 0.641509, 0.190789, 0.652510, 0.205761, 0.645038, 0.659751, 0.032258, 
204.0, 0.429400, 0.063830, 0.637736, 0.069767, 0.637736, 0.120968, 0.637736, 0.112069, 0.637736, 0.168478, 0.637736, 0.190789, 0.648649, 0.205761, 0.641221, 0.655602, 0.032258, 
207.0, 0.427466, 0.063830, 0.637736, 0.069767, 0.637736, 0.120968, 0.637736, 0.103448, 0.637736, 0.163043, 0.637736, 0.184211, 0.648649, 0.201646, 0.641221, 0.655602, 0.000000, 
208.0, 0.425532, 0.063830, 0.633962, 0.069767, 0.633962, 0.120968, 0.633962, 0.103448, 0.633962, 0.163043, 0.633962, 0.184211, 0.644788, 0.201646, 0.637405, 0.651452, 0.000000, 
210.0, 0.421663, 0.063830, 0.626415, 0.069767, 0.626415, 0.120968, 0.626415, 0.103448, 0.626415, 0.163043, 0.626415, 0.184211, 0.637066, 0.201646, 0.629771, 0.643154, 0.000000, 
211.0, 0.419729, 0.063830, 0.626415, 0.069767, 0.626415, 0.120968, 0.626415, 0.103448, 0.626415, 0.157609, 0.626415, 0.177632, 0.637066, 0.197531, 0.629771, 0.643154, 0.000000, 
212.0, 0.417795, 0.063830, 0.622642, 0.069767, 0.622642, 0.120968, 0.622642, 0.103448, 0.622642, 0.157609, 0.622642, 0.177632, 0.633205, 0.197531, 0.625954, 0.639004, 0.000000, 
216.0, 0.415861, 0.063830, 0.618868, 0.069767, 0.618868, 0.120968, 0.618868, 0.103448, 0.618868, 0.157609, 0.618868, 0.177632, 0.629344, 0.197531, 0.622137, 0.634855, 0.000000, 
217.0, 0.413926, 0.063830, 0.615094, 0.069767, 0.615094, 0.120968, 0.615094, 0.103448, 0.615094, 0.157609, 0.615094, 0.177632, 0.625483, 0.197531, 0.618321, 0.630705, 0.000000, 
218.0, 0.411992, 0.063830, 0.611321, 0.069767, 0.611321, 0.120968, 0.611321, 0.103448, 0.611321, 0.157609, 0.611321, 0.177632, 0.621622, 0.197531, 0.614504, 0.626556, 0.000000, 
220.0, 0.404255, 0.063830, 0.596226, 0.069767, 0.596226, 0.120968, 0.596226, 0.103448, 0.596226, 0.157609, 0.596226, 0.177632, 0.606178, 0.197531, 0.599237, 0.609959, 0.000000, 
222.0, 0.402321, 0.063830, 0.596226, 0.069767, 0.596226, 0.120968, 0.596226, 0.103448, 0.596226, 0.157609, 0.596226, 0.177632, 0.606178, 0.193416, 0.599237, 0.609959, 0.000000, 
224.0, 0.396518, 0.063830, 0.588679, 0.058140, 0.588679, 0.112903, 0.588679, 0.094828, 0.588679, 0.152174, 0.588679, 0.177632, 0.598456, 0.189300, 0.591603, 0.601660, 0.000000, 
225.0, 0.394584, 0.063830, 0.584906, 0.058140, 0.584906, 0.112903, 0.584906, 0.094828, 0.584906, 0.152174, 0.584906, 0.177632, 0.594595, 0.189300, 0.587786, 0.597510, 0.000000, 
226.0, 0.388781, 0.063830, 0.577358, 0.058140, 0.577358, 0.112903, 0.577358, 0.094828, 0.577358, 0.152174, 0.577358, 0.177632, 0.586873, 0.185185, 0.580153, 0.589212, 0.000000, 
227.0, 0.384913, 0.063830, 0.569811, 0.058140, 0.569811, 0.112903, 0.569811, 0.094828, 0.569811, 0.152174, 0.569811, 0.177632, 0.579151, 0.185185, 0.572519, 0.580913, 0.000000, 
228.0, 0.381044, 0.063830, 0.566038, 0.058140, 0.566038, 0.104839, 0.566038, 0.086207, 0.566038, 0.146739, 0.566038, 0.171053, 0.575290, 0.181070, 0.568702, 0.576763, 0.000000, 
231.0, 0.375242, 0.063830, 0.558491, 0.058140, 0.558491, 0.104839, 0.558491, 0.086207, 0.558491, 0.146739, 0.558491, 0.164474, 0.567568, 0.176955, 0.561069, 0.572614, 0.000000, 
232.0, 0.371373, 0.063830, 0.550943, 0.058140, 0.550943, 0.104839, 0.550943, 0.086207, 0.550943, 0.146739, 0.550943, 0.164474, 0.563707, 0.176955, 0.557252, 0.564315, 0.000000, 
233.0, 0.367505, 0.063830, 0.543396, 0.058140, 0.543396, 0.104839, 0.543396, 0.086207, 0.543396, 0.146739, 0.543396, 0.164474, 0.555985, 0.176955, 0.549618, 0.556017, 0.000000, 
237.0, 0.365571, 0.063830, 0.539623, 0.058140, 0.539623, 0.104839, 0.539623, 0.086207, 0.539623, 0.146739, 0.539623, 0.164474, 0.552124, 0.176955, 0.545802, 0.551867, 0.000000, 
238.0, 0.363636, 0.063830, 0.535849, 0.058140, 0.535849, 0.104839, 0.535849, 0.086207, 0.535849, 0.146739, 0.535849, 0.164474, 0.548263, 0.176955, 0.541985, 0.547718, 0.000000, 
239.0, 0.361702, 0.063830, 0.535849, 0.058140, 0.535849, 0.104839, 0.535849, 0.086207, 0.535849, 0.146739, 0.535849, 0.157895, 0.548263, 0.172840, 0.541985, 0.547718, 0.000000, 
242.0, 0.357834, 0.063830, 0.528302, 0.058140, 0.528302, 0.104839, 0.528302, 0.086207, 0.528302, 0.146739, 0.528302, 0.157895, 0.540541, 0.172840, 0.534351, 0.539419, 0.000000, 
243.0, 0.353965, 0.042553, 0.524528, 0.058140, 0.524528, 0.096774, 0.524528, 0.086207, 0.524528, 0.141304, 0.524528, 0.151316, 0.536680, 0.168724, 0.530534, 0.535270, 0.000000, 
245.0, 0.350097, 0.042553, 0.516981, 0.058140, 0.516981, 0.096774, 0.516981, 0.086207, 0.516981, 0.141304, 0.516981, 0.151316, 0.528958, 0.168724, 0.522901, 0.526971, 0.000000, 
246.0, 0.348162, 0.042553, 0.516981, 0.058140, 0.516981, 0.096774, 0.516981, 0.086207, 0.516981, 0.141304, 0.516981, 0.144737, 0.528958, 0.164609, 0.522901, 0.526971, 0.000000, 
248.0, 0.346228, 0.042553, 0.516981, 0.058140, 0.516981, 0.096774, 0.516981, 0.086207, 0.516981, 0.135870, 0.516981, 0.138158, 0.528958, 0.160494, 0.522901, 0.526971, 0.000000, 
250.0, 0.344294, 0.042553, 0.513208, 0.058140, 0.513208, 0.096774, 0.513208, 0.086207, 0.513208, 0.135870, 0.513208, 0.138158, 0.525097, 0.160494, 0.519084, 0.522822, 0.000000, 
253.0, 0.342360, 0.021277, 0.513208, 0.046512, 0.513208, 0.088710, 0.513208, 0.086207, 0.513208, 0.130435, 0.513208, 0.131579, 0.525097, 0.156379, 0.519084, 0.522822, 0.000000, 
255.0, 0.340426, 0.021277, 0.509434, 0.046512, 0.509434, 0.088710, 0.509434, 0.086207, 0.509434, 0.130435, 0.509434, 0.131579, 0.521236, 0.156379, 0.515267, 0.518672, 0.000000, 
259.0, 0.336557, 0.021277, 0.501887, 0.046512, 0.501887, 0.088710, 0.501887, 0.086207, 0.501887, 0.130435, 0.501887, 0.131579, 0.513514, 0.156379, 0.507634, 0.510373, 0.000000, 
260.0, 0.332689, 0.021277, 0.494340, 0.046512, 0.494340, 0.088710, 0.494340, 0.086207, 0.494340, 0.130435, 0.494340, 0.131579, 0.505792, 0.156379, 0.500000, 0.502075, 0.000000, 
267.0, 0.330754, 0.021277, 0.490566, 0.046512, 0.490566, 0.088710, 0.490566, 0.086207, 0.490566, 0.130435, 0.490566, 0.131579, 0.501931, 0.156379, 0.496183, 0.497925, 0.000000, 
268.0, 0.326886, 0.021277, 0.486792, 0.046512, 0.486792, 0.088710, 0.486792, 0.077586, 0.486792, 0.125000, 0.486792, 0.125000, 0.498069, 0.152263, 0.492366, 0.493776, 0.000000, 
273.0, 0.324952, 0.021277, 0.483019, 0.046512, 0.483019, 0.088710, 0.483019, 0.077586, 0.483019, 0.125000, 0.483019, 0.125000, 0.494208, 0.152263, 0.488550, 0.489627, 0.000000, 
274.0, 0.319149, 0.021277, 0.471698, 0.046512, 0.471698, 0.088710, 0.471698, 0.077586, 0.471698, 0.125000, 0.471698, 0.125000, 0.482625, 0.152263, 0.477099, 0.477178, 0.000000, 
276.0, 0.317215, 0.021277, 0.467925, 0.046512, 0.467925, 0.088710, 0.467925, 0.077586, 0.467925, 0.125000, 0.467925, 0.125000, 0.478764, 0.152263, 0.473282, 0.473029, 0.000000, 
280.0, 0.315280, 0.021277, 0.464151, 0.046512, 0.464151, 0.088710, 0.464151, 0.077586, 0.464151, 0.125000, 0.464151, 0.125000, 0.474903, 0.152263, 0.469466, 0.473029, 0.000000, 
282.0, 0.313346, 0.021277, 0.460377, 0.046512, 0.460377, 0.088710, 0.460377, 0.077586, 0.460377, 0.125000, 0.460377, 0.125000, 0.471042, 0.152263, 0.465649, 0.473029, 0.000000, 
285.0, 0.309478, 0.021277, 0.452830, 0.046512, 0.452830, 0.088710, 0.452830, 0.077586, 0.452830, 0.125000, 0.452830, 0.125000, 0.463320, 0.152263, 0.458015, 0.464730, 0.000000, 
287.0, 0.307544, 0.021277, 0.449057, 0.046512, 0.449057, 0.088710, 0.449057, 0.077586, 0.449057, 0.125000, 0.449057, 0.125000, 0.459459, 0.152263, 0.454198, 0.460581, 0.000000, 
289.0, 0.305609, 0.021277, 0.445283, 0.046512, 0.445283, 0.088710, 0.445283, 0.077586, 0.445283, 0.125000, 0.445283, 0.125000, 0.455598, 0.152263, 0.450382, 0.460581, 0.000000, 
290.0, 0.301741, 0.021277, 0.437736, 0.046512, 0.437736, 0.088710, 0.437736, 0.077586, 0.437736, 0.125000, 0.437736, 0.125000, 0.447876, 0.152263, 0.442748, 0.452282, 0.000000, 
292.0, 0.299807, 0.021277, 0.433962, 0.046512, 0.433962, 0.088710, 0.433962, 0.077586, 0.433962, 0.125000, 0.433962, 0.125000, 0.444015, 0.152263, 0.438931, 0.448133, 0.000000, 
296.0, 0.297872, 0.021277, 0.430189, 0.046512, 0.430189, 0.088710, 0.430189, 0.077586, 0.430189, 0.125000, 0.430189, 0.125000, 0.440154, 0.152263, 0.435115, 0.443983, 0.000000, 
299.0, 0.295938, 0.021277, 0.430189, 0.046512, 0.430189, 0.080645, 0.430189, 0.068966, 0.430189, 0.119565, 0.430189, 0.125000, 0.440154, 0.148148, 0.435115, 0.443983, 0.000000, 
300.0, 0.294004, 0.021277, 0.426415, 0.046512, 0.426415, 0.080645, 0.426415, 0.068966, 0.426415, 0.119565, 0.426415, 0.125000, 0.436293, 0.148148, 0.431298, 0.439834, 0.000000, 
306.0, 0.290135, 0.021277, 0.422642, 0.034884, 0.422642, 0.072581, 0.422642, 0.060345, 0.422642, 0.114130, 0.422642, 0.118421, 0.432432, 0.144033, 0.427481, 0.435685, 0.000000, 
307.0, 0.288201, 0.021277, 0.418868, 0.034884, 0.418868, 0.072581, 0.418868, 0.060345, 0.418868, 0.114130, 0.418868, 0.118421, 0.428571, 0.144033, 0.423664, 0.435685, 0.000000, 
310.0, 0.286267, 0.021277, 0.415094, 0.034884, 0.415094, 0.072581, 0.415094, 0.060345, 0.415094, 0.114130, 0.415094, 0.118421, 0.424710, 0.144033, 0.419847, 0.431535, 0.000000, 
313.0, 0.284333, 0.021277, 0.411321, 0.034884, 0.411321, 0.072581, 0.411321, 0.060345, 0.411321, 0.114130, 0.411321, 0.118421, 0.420849, 0.144033, 0.416031, 0.427386, 0.000000, 
317.0, 0.282398, 0.021277, 0.407547, 0.034884, 0.407547, 0.072581, 0.407547, 0.060345, 0.407547, 0.114130, 0.407547, 0.118421, 0.416988, 0.144033, 0.412214, 0.423237, 0.000000, 
321.0, 0.280464, 0.021277, 0.407547, 0.023256, 0.407547, 0.064516, 0.407547, 0.051724, 0.407547, 0.108696, 0.407547, 0.111842, 0.416988, 0.139918, 0.412214, 0.423237, 0.000000, 
324.0, 0.278530, 0.021277, 0.403774, 0.023256, 0.403774, 0.064516, 0.403774, 0.051724, 0.403774, 0.108696, 0.403774, 0.111842, 0.413127, 0.139918, 0.408397, 0.419087, 0.000000, 
325.0, 0.276596, 0.021277, 0.400000, 0.023256, 0.400000, 0.064516, 0.400000, 0.051724, 0.400000, 0.108696, 0.400000, 0.111842, 0.409266, 0.139918, 0.404580, 0.414938, 0.000000, 
328.0, 0.274662, 0.021277, 0.400000, 0.023256, 0.400000, 0.064516, 0.400000, 0.051724, 0.400000, 0.103261, 0.400000, 0.111842, 0.409266, 0.135802, 0.404580, 0.414938, 0.000000, 
332.0, 0.272727, 0.021277, 0.400000, 0.023256, 0.400000, 0.064516, 0.400000, 0.051724, 0.400000, 0.103261, 0.400000, 0.111842, 0.409266, 0.131687, 0.404580, 0.414938, 0.000000, 
339.0, 0.270793, 0.021277, 0.396226, 0.023256, 0.396226, 0.064516, 0.396226, 0.051724, 0.396226, 0.103261, 0.396226, 0.111842, 0.405405, 0.131687, 0.400763, 0.410788, 0.000000, 
348.0, 0.268859, 0.021277, 0.396226, 0.023256, 0.396226, 0.064516, 0.396226, 0.051724, 0.396226, 0.103261, 0.396226, 0.111842, 0.405405, 0.127572, 0.400763, 0.410788, 0.000000, 
349.0, 0.266925, 0.021277, 0.392453, 0.023256, 0.392453, 0.064516, 0.392453, 0.051724, 0.392453, 0.103261, 0.392453, 0.111842, 0.401544, 0.127572, 0.396947, 0.406639, 0.000000, 
353.0, 0.264990, 0.021277, 0.388679, 0.023256, 0.388679, 0.064516, 0.388679, 0.051724, 0.388679, 0.103261, 0.388679, 0.111842, 0.397683, 0.127572, 0.393130, 0.402490, 0.000000, 
354.0, 0.259188, 0.021277, 0.381132, 0.023256, 0.381132, 0.064516, 0.381132, 0.051724, 0.381132, 0.103261, 0.381132, 0.105263, 0.389961, 0.123457, 0.385496, 0.394191, 0.000000, 
360.0, 0.257253, 0.021277, 0.377358, 0.023256, 0.377358, 0.064516, 0.377358, 0.051724, 0.377358, 0.103261, 0.377358, 0.105263, 0.386100, 0.123457, 0.381679, 0.390041, 0.000000, 
362.0, 0.255319, 0.021277, 0.373585, 0.023256, 0.373585, 0.064516, 0.373585, 0.051724, 0.373585, 0.103261, 0.373585, 0.105263, 0.382239, 0.123457, 0.377863, 0.385892, 0.000000, 
364.0, 0.253385, 0.021277, 0.369811, 0.023256, 0.369811, 0.064516, 0.369811, 0.051724, 0.369811, 0.103261, 0.369811, 0.105263, 0.378378, 0.123457, 0.374046, 0.381743, 0.000000, 
369.0, 0.251451, 0.021277, 0.366038, 0.023256, 0.366038, 0.064516, 0.366038, 0.051724, 0.366038, 0.103261, 0.366038, 0.105263, 0.374517, 0.123457, 0.370229, 0.377593, 0.000000, 
373.0, 0.249516, 0.021277, 0.362264, 0.023256, 0.362264, 0.064516, 0.362264, 0.051724, 0.362264, 0.103261, 0.362264, 0.105263, 0.370656, 0.123457, 0.366412, 0.373444, 0.000000, 
374.0, 0.247582, 0.021277, 0.358491, 0.023256, 0.358491, 0.064516, 0.358491, 0.051724, 0.358491, 0.103261, 0.358491, 0.105263, 0.366795, 0.123457, 0.362595, 0.373444, 0.000000, 
377.0, 0.245648, 0.021277, 0.358491, 0.023256, 0.358491, 0.064516, 0.358491, 0.051724, 0.358491, 0.103261, 0.358491, 0.105263, 0.366795, 0.123457, 0.362595, 0.373444, 0.000000, 
379.0, 0.243714, 0.021277, 0.354717, 0.023256, 0.354717, 0.064516, 0.354717, 0.051724, 0.354717, 0.103261, 0.354717, 0.105263, 0.362934, 0.123457, 0.358779, 0.369295, 0.000000, 
380.0, 0.241779, 0.021277, 0.350943, 0.023256, 0.350943, 0.064516, 0.350943, 0.051724, 0.350943, 0.103261, 0.350943, 0.105263, 0.359073, 0.123457, 0.354962, 0.365145, 0.000000, 
384.0, 0.239845, 0.021277, 0.347170, 0.023256, 0.347170, 0.064516, 0.347170, 0.051724, 0.347170, 0.103261, 0.347170, 0.105263, 0.355212, 0.123457, 0.351145, 0.360996, 0.000000, 
386.0, 0.237911, 0.021277, 0.343396, 0.023256, 0.343396, 0.064516, 0.343396, 0.051724, 0.343396, 0.103261, 0.343396, 0.105263, 0.351351, 0.123457, 0.347328, 0.356846, 0.000000, 
396.0, 0.235977, 0.021277, 0.339623, 0.023256, 0.339623, 0.064516, 0.339623, 0.051724, 0.339623, 0.103261, 0.339623, 0.105263, 0.347490, 0.123457, 0.343511, 0.352697, 0.000000, 
399.0, 0.234043, 0.000000, 0.339623, 0.011628, 0.339623, 0.056452, 0.339623, 0.043103, 0.339623, 0.097826, 0.339623, 0.098684, 0.347490, 0.119342, 0.343511, 0.352697, 0.000000, 
401.0, 0.232108, 0.000000, 0.335849, 0.011628, 0.335849, 0.056452, 0.335849, 0.043103, 0.335849, 0.097826, 0.335849, 0.098684, 0.343629, 0.119342, 0.339695, 0.348548, 0.000000, 
408.0, 0.230174, 0.000000, 0.332075, 0.011628, 0.332075, 0.056452, 0.332075, 0.043103, 0.332075, 0.097826, 0.332075, 0.098684, 0.339768, 0.119342, 0.335878, 0.344398, 0.000000, 
431.0, 0.228240, 0.000000, 0.328302, 0.011628, 0.328302, 0.056452, 0.328302, 0.043103, 0.328302, 0.097826, 0.328302, 0.098684, 0.335907, 0.119342, 0.332061, 0.340249, 0.000000, 
434.0, 0.226306, 0.000000, 0.324528, 0.011628, 0.324528, 0.056452, 0.324528, 0.043103, 0.324528, 0.097826, 0.324528, 0.098684, 0.332046, 0.119342, 0.328244, 0.336100, 0.000000, 
436.0, 0.224371, 0.000000, 0.320755, 0.011628, 0.320755, 0.056452, 0.320755, 0.043103, 0.320755, 0.097826, 0.320755, 0.098684, 0.328185, 0.119342, 0.324427, 0.331950, 0.000000, 
437.0, 0.222437, 0.000000, 0.316981, 0.011628, 0.316981, 0.056452, 0.316981, 0.043103, 0.316981, 0.097826, 0.316981, 0.098684, 0.324324, 0.119342, 0.320611, 0.327801, 0.000000, 
441.0, 0.220503, 0.000000, 0.316981, 0.011628, 0.316981, 0.056452, 0.316981, 0.043103, 0.316981, 0.097826, 0.316981, 0.092105, 0.324324, 0.115226, 0.320611, 0.327801, 0.000000, 
442.0, 0.218569, 0.000000, 0.313208, 0.011628, 0.313208, 0.056452, 0.313208, 0.043103, 0.313208, 0.097826, 0.313208, 0.092105, 0.320463, 0.115226, 0.316794, 0.323651, 0.000000, 
449.0, 0.216634, 0.000000, 0.309434, 0.011628, 0.309434, 0.056452, 0.309434, 0.043103, 0.309434, 0.097826, 0.309434, 0.092105, 0.316602, 0.115226, 0.312977, 0.319502, 0.000000, 
458.0, 0.214700, 0.000000, 0.305660, 0.011628, 0.305660, 0.056452, 0.305660, 0.043103, 0.305660, 0.097826, 0.305660, 0.092105, 0.312741, 0.115226, 0.309160, 0.315353, 0.000000, 
459.0, 0.212766, 0.000000, 0.301887, 0.011628, 0.301887, 0.056452, 0.301887, 0.043103, 0.301887, 0.097826, 0.301887, 0.092105, 0.308880, 0.115226, 0.305344, 0.311203, 0.000000, 
461.0, 0.210832, 0.000000, 0.298113, 0.011628, 0.298113, 0.056452, 0.298113, 0.043103, 0.298113, 0.097826, 0.298113, 0.092105, 0.305019, 0.115226, 0.301527, 0.307054, 0.000000, 
471.0, 0.208897, 0.000000, 0.294340, 0.011628, 0.294340, 0.056452, 0.294340, 0.043103, 0.294340, 0.097826, 0.294340, 0.092105, 0.301158, 0.115226, 0.297710, 0.302905, 0.000000, 
477.0, 0.206963, 0.000000, 0.290566, 0.011628, 0.290566, 0.056452, 0.290566, 0.043103, 0.290566, 0.097826, 0.290566, 0.092105, 0.297297, 0.115226, 0.293893, 0.298755, 0.000000, 
490.0, 0.205029, 0.000000, 0.286792, 0.011628, 0.286792, 0.056452, 0.286792, 0.043103, 0.286792, 0.097826, 0.286792, 0.092105, 0.293436, 0.115226, 0.290076, 0.294606, 0.000000, 
491.0, 0.203095, 0.000000, 0.283019, 0.011628, 0.283019, 0.056452, 0.283019, 0.043103, 0.283019, 0.097826, 0.283019, 0.092105, 0.289575, 0.115226, 0.286260, 0.290456, 0.000000, 
494.0, 0.201161, 0.000000, 0.279245, 0.011628, 0.279245, 0.056452, 0.279245, 0.043103, 0.279245, 0.097826, 0.279245, 0.092105, 0.285714, 0.115226, 0.282443, 0.286307, 0.000000, 
501.0, 0.201161, 0.000000, 0.279245, 0.011628, 0.279245, 0.056452, 0.279245, 0.043103, 0.279245, 0.097826, 0.279245, 0.092105, 0.285714, 0.115226, 0.282443, 0.286307, 0.000000, 
502.0, 0.199208, 0.000000, 0.275420, 0.011628, 0.275420, 0.056452, 0.275420, 0.043103, 0.275420, 0.097826, 0.275420, 0.092105, 0.281800, 0.115226, 0.278574, 0.282097, 0.000000, 
503.0, 0.199208, 0.000000, 0.275420, 0.011628, 0.275420, 0.056452, 0.275420, 0.043103, 0.275420, 0.097826, 0.275420, 0.092105, 0.281800, 0.115226, 0.278574, 0.282097, 0.000000, 
510.0, 0.199208, 0.000000, 0.275420, 0.011628, 0.275420, 0.056452, 0.275420, 0.043103, 0.275420, 0.097826, 0.275420, 0.092105, 0.281800, 0.115226, 0.278574, 0.282097, 0.000000, 
516.0, 0.197195, 0.000000, 0.271428, 0.011628, 0.271428, 0.056452, 0.271428, 0.043103, 0.271428, 0.097826, 0.271428, 0.092105, 0.277716, 0.115226, 0.274536, 0.277689, 0.000000, 
519.0, 0.195183, 0.000000, 0.267437, 0.011628, 0.267437, 0.056452, 0.267437, 0.043103, 0.267437, 0.097826, 0.267437, 0.092105, 0.273632, 0.115226, 0.270499, 0.277689, 0.000000, 
533.0, 0.195183, 0.000000, 0.267437, 0.011628, 0.267437, 0.056452, 0.267437, 0.043103, 0.267437, 0.097826, 0.267437, 0.092105, 0.273632, 0.115226, 0.270499, 0.277689, 0.000000, 
537.0, 0.195183, 0.000000, 0.267437, 0.011628, 0.267437, 0.056452, 0.267437, 0.043103, 0.267437, 0.097826, 0.267437, 0.092105, 0.273632, 0.115226, 0.270499, 0.277689, 0.000000, 
538.0, 0.195183, 0.000000, 0.267437, 0.011628, 0.267437, 0.056452, 0.267437, 0.043103, 0.267437, 0.097826, 0.267437, 0.092105, 0.273632, 0.115226, 0.270499, 0.277689, 0.000000, 
539.0, 0.195183, 0.000000, 0.267437, 0.011628, 0.267437, 0.056452, 0.267437, 0.043103, 0.267437, 0.097826, 0.267437, 0.092105, 0.273632, 0.115226, 0.270499, 0.277689, 0.000000, 
540.0, 0.195183, 0.000000, 0.267437, 0.011628, 0.267437, 0.056452, 0.267437, 0.043103, 0.267437, 0.097826, 0.267437, 0.092105, 0.273632, 0.115226, 0.270499, 0.277689, 0.000000, 
541.0, 0.195183, 0.000000, 0.267437, 0.011628, 0.267437, 0.056452, 0.267437, 0.043103, 0.267437, 0.097826, 0.267437, 0.092105, 0.273632, 0.115226, 0.270499, 0.277689, 0.000000, 
542.0, 0.195183, 0.000000, 0.267437, 0.011628, 0.267437, 0.056452, 0.267437, 0.043103, 0.267437, 0.097826, 0.267437, 0.092105, 0.273632, 0.115226, 0.270499, 0.277689, 0.000000, 
543.0, 0.195183, 0.000000, 0.267437, 0.011628, 0.267437, 0.056452, 0.267437, 0.043103, 0.267437, 0.097826, 0.267437, 0.092105, 0.273632, 0.115226, 0.270499, 0.277689, 0.000000, 
544.0, 0.195183, 0.000000, 0.267437, 0.011628, 0.267437, 0.056452, 0.267437, 0.043103, 0.267437, 0.097826, 0.267437, 0.092105, 0.273632, 0.115226, 0.270499, 0.277689, 0.000000, 
545.0, 0.195183, 0.000000, 0.267437, 0.011628, 0.267437, 0.056452, 0.267437, 0.043103, 0.267437, 0.097826, 0.267437, 0.092105, 0.273632, 0.115226, 0.270499, 0.277689, 0.000000, 
546.0, 0.195183, 0.000000, 0.267437, 0.011628, 0.267437, 0.056452, 0.267437, 0.043103, 0.267437, 0.097826, 0.267437, 0.092105, 0.273632, 0.115226, 0.270499, 0.277689, 0.000000, 
547.0, 0.195183, 0.000000, 0.267437, 0.011628, 0.267437, 0.056452, 0.267437, 0.043103, 0.267437, 0.097826, 0.267437, 0.092105, 0.273632, 0.115226, 0.270499, 0.277689, 0.000000, 
548.0, 0.195183, 0.000000, 0.267437, 0.011628, 0.267437, 0.056452, 0.267437, 0.043103, 0.267437, 0.097826, 0.267437, 0.092105, 0.273632, 0.115226, 0.270499, 0.277689, 0.000000, 
549.0, 0.195183, 0.000000, 0.267437, 0.011628, 0.267437, 0.056452, 0.267437, 0.043103, 0.267437, 0.097826, 0.267437, 0.092105, 0.273632, 0.115226, 0.270499, 0.277689, 0.000000, 
551.0, 0.195183, 0.000000, 0.267437, 0.011628, 0.267437, 0.056452, 0.267437, 0.043103, 0.267437, 0.097826, 0.267437, 0.092105, 0.273632, 0.115226, 0.270499, 0.277689, 0.000000, 
552.0, 0.195183, 0.000000, 0.267437, 0.011628, 0.267437, 0.056452, 0.267437, 0.043103, 0.267437, 0.097826, 0.267437, 0.092105, 0.273632, 0.115226, 0.270499, 0.277689, 0.000000, 
553.0, 0.195183, 0.000000, 0.267437, 0.011628, 0.267437, 0.056452, 0.267437, 0.043103, 0.267437, 0.097826, 0.267437, 0.092105, 0.273632, 0.115226, 0.270499, 0.277689, 0.000000, 
554.0, 0.195183, 0.000000, 0.267437, 0.011628, 0.267437, 0.056452, 0.267437, 0.043103, 0.267437, 0.097826, 0.267437, 0.092105, 0.273632, 0.115226, 0.270499, 0.277689, 0.000000, 
555.0, 0.195183, 0.000000, 0.267437, 0.011628, 0.267437, 0.056452, 0.267437, 0.043103, 0.267437, 0.097826, 0.267437, 0.092105, 0.273632, 0.115226, 0.270499, 0.277689, 0.000000, 
556.0, 0.195183, 0.000000, 0.267437, 0.011628, 0.267437, 0.056452, 0.267437, 0.043103, 0.267437, 0.097826, 0.267437, 0.092105, 0.273632, 0.115226, 0.270499, 0.277689, 0.000000, 
557.0, 0.195183, 0.000000, 0.267437, 0.011628, 0.267437, 0.056452, 0.267437, 0.043103, 0.267437, 0.097826, 0.267437, 0.092105, 0.273632, 0.115226, 0.270499, 0.277689, 0.000000, 
559.0, 0.190747, 0.000000, 0.267437, 0.011628, 0.267437, 0.056452, 0.267437, 0.043103, 0.267437, 0.088933, 0.267437, 0.080592, 0.273632, 0.106996, 0.270499, 0.277689, 0.000000, 
560.0, 0.190747, 0.000000, 0.267437, 0.011628, 0.267437, 0.056452, 0.267437, 0.043103, 0.267437, 0.088933, 0.267437, 0.080592, 0.273632, 0.106996, 0.270499, 0.277689, 0.000000, 
562.0, 0.190747, 0.000000, 0.267437, 0.011628, 0.267437, 0.056452, 0.267437, 0.043103, 0.267437, 0.088933, 0.267437, 0.080592, 0.273632, 0.106996, 0.270499, 0.277689, 0.000000, 
564.0, 0.190747, 0.000000, 0.267437, 0.011628, 0.267437, 0.056452, 0.267437, 0.043103, 0.267437, 0.088933, 0.267437, 0.080592, 0.273632, 0.106996, 0.270499, 0.277689, 0.000000, 
565.0, 0.190747, 0.000000, 0.267437, 0.011628, 0.267437, 0.056452, 0.267437, 0.043103, 0.267437, 0.088933, 0.267437, 0.080592, 0.273632, 0.106996, 0.270499, 0.277689, 0.000000, 
567.0, 0.190747, 0.000000, 0.267437, 0.011628, 0.267437, 0.056452, 0.267437, 0.043103, 0.267437, 0.088933, 0.267437, 0.080592, 0.273632, 0.106996, 0.270499, 0.277689, 0.000000, 
568.0, 0.184786, 0.000000, 0.254702, 0.011628, 0.254702, 0.056452, 0.254702, 0.043103, 0.254702, 0.088933, 0.254702, 0.080592, 0.260602, 0.106996, 0.257618, 0.277689, 0.000000, 
569.0, 0.184786, 0.000000, 0.254702, 0.011628, 0.254702, 0.056452, 0.254702, 0.043103, 0.254702, 0.088933, 0.254702, 0.080592, 0.260602, 0.106996, 0.257618, 0.277689, 0.000000, 
575.0, 0.184786, 0.000000, 0.254702, 0.011628, 0.254702, 0.056452, 0.254702, 0.043103, 0.254702, 0.088933, 0.254702, 0.080592, 0.260602, 0.106996, 0.257618, 0.277689, 0.000000, 
576.0, 0.184786, 0.000000, 0.254702, 0.011628, 0.254702, 0.056452, 0.254702, 0.043103, 0.254702, 0.088933, 0.254702, 0.080592, 0.260602, 0.106996, 0.257618, 0.277689, 0.000000, 
578.0, 0.184786, 0.000000, 0.254702, 0.011628, 0.254702, 0.056452, 0.254702, 0.043103, 0.254702, 0.088933, 0.254702, 0.080592, 0.260602, 0.106996, 0.257618, 0.277689, 0.000000, 
582.0, 0.184786, 0.000000, 0.254702, 0.011628, 0.254702, 0.056452, 0.254702, 0.043103, 0.254702, 0.088933, 0.254702, 0.080592, 0.260602, 0.106996, 0.257618, 0.277689, 0.000000, 
586.0, 0.184786, 0.000000, 0.254702, 0.011628, 0.254702, 0.056452, 0.254702, 0.043103, 0.254702, 0.088933, 0.254702, 0.080592, 0.260602, 0.106996, 0.257618, 0.277689, 0.000000, 
587.0, 0.184786, 0.000000, 0.254702, 0.011628, 0.254702, 0.056452, 0.254702, 0.043103, 0.254702, 0.088933, 0.254702, 0.080592, 0.260602, 0.106996, 0.257618, 0.277689, 0.000000, 
589.0, 0.184786, 0.000000, 0.254702, 0.011628, 0.254702, 0.056452, 0.254702, 0.043103, 0.254702, 0.088933, 0.254702, 0.080592, 0.260602, 0.106996, 0.257618, 0.277689, 0.000000, 
593.0, 0.184786, 0.000000, 0.254702, 0.011628, 0.254702, 0.056452, 0.254702, 0.043103, 0.254702, 0.088933, 0.254702, 0.080592, 0.260602, 0.106996, 0.257618, 0.277689, 0.000000, 
597.0, 0.184786, 0.000000, 0.254702, 0.011628, 0.254702, 0.056452, 0.254702, 0.043103, 0.254702, 0.088933, 0.254702, 0.080592, 0.260602, 0.106996, 0.257618, 0.277689, 0.000000, 
598.0, 0.184786, 0.000000, 0.254702, 0.011628, 0.254702, 0.056452, 0.254702, 0.043103, 0.254702, 0.088933, 0.254702, 0.080592, 0.260602, 0.106996, 0.257618, 0.277689, 0.000000, 
603.0, 0.184786, 0.000000, 0.254702, 0.011628, 0.254702, 0.056452, 0.254702, 0.043103, 0.254702, 0.088933, 0.254702, 0.080592, 0.260602, 0.106996, 0.257618, 0.277689, 0.000000, 
619.0, 0.184786, 0.000000, 0.254702, 0.011628, 0.254702, 0.056452, 0.254702, 0.043103, 0.254702, 0.088933, 0.254702, 0.080592, 0.260602, 0.106996, 0.257618, 0.277689, 0.000000, 
621.0, 0.184786, 0.000000, 0.254702, 0.011628, 0.254702, 0.056452, 0.254702, 0.043103, 0.254702, 0.088933, 0.254702, 0.080592, 0.260602, 0.106996, 0.257618, 0.277689, 0.000000, 
624.0, 0.184786, 0.000000, 0.254702, 0.011628, 0.254702, 0.056452, 0.254702, 0.043103, 0.254702, 0.088933, 0.254702, 0.080592, 0.260602, 0.106996, 0.257618, 0.277689, 0.000000, 
625.0, 0.184786, 0.000000, 0.254702, 0.011628, 0.254702, 0.056452, 0.254702, 0.043103, 0.254702, 0.088933, 0.254702, 0.080592, 0.260602, 0.106996, 0.257618, 0.277689, 0.000000, 
630.0, 0.184786, 0.000000, 0.254702, 0.011628, 0.254702, 0.056452, 0.254702, 0.043103, 0.254702, 0.088933, 0.254702, 0.080592, 0.260602, 0.106996, 0.257618, 0.277689, 0.000000, 
633.0, 0.184786, 0.000000, 0.254702, 0.011628, 0.254702, 0.056452, 0.254702, 0.043103, 0.254702, 0.088933, 0.254702, 0.080592, 0.260602, 0.106996, 0.257618, 0.277689, 0.000000, 
634.0, 0.184786, 0.000000, 0.254702, 0.011628, 0.254702, 0.056452, 0.254702, 0.043103, 0.254702, 0.088933, 0.254702, 0.080592, 0.260602, 0.106996, 0.257618, 0.277689, 0.000000, 
654.0, 0.184786, 0.000000, 0.254702, 0.011628, 0.254702, 0.056452, 0.254702, 0.043103, 0.254702, 0.088933, 0.254702, 0.080592, 0.260602, 0.106996, 0.257618, 0.277689, 0.000000, 
655.0, 0.184786, 0.000000, 0.254702, 0.011628, 0.254702, 0.056452, 0.254702, 0.043103, 0.254702, 0.088933, 0.254702, 0.080592, 0.260602, 0.106996, 0.257618, 0.277689, 0.000000, 
659.0, 0.184786, 0.000000, 0.254702, 0.011628, 0.254702, 0.056452, 0.254702, 0.043103, 0.254702, 0.088933, 0.254702, 0.080592, 0.260602, 0.106996, 0.257618, 0.277689, 0.000000, 
708.0, 0.184786, 0.000000, 0.254702, 0.011628, 0.254702, 0.056452, 0.254702, 0.043103, 0.254702, 0.088933, 0.254702, 0.080592, 0.260602, 0.106996, 0.257618, 0.277689, 0.000000, 
763.0, 0.184786, 0.000000, 0.254702, 0.011628, 0.254702, 0.056452, 0.254702, 0.043103, 0.254702, 0.088933, 0.254702, 0.080592, 0.260602, 0.106996, 0.257618, 0.277689, 0.000000, 
805.0, 0.184786, 0.000000, 0.254702, 0.011628, 0.254702, 0.056452, 0.254702, 0.043103, 0.254702, 0.088933, 0.254702, 0.080592, 0.260602, 0.106996, 0.257618, 0.277689, 0.000000, 
1172.0, 0.184786, 0.000000, 0.254702, 0.011628, 0.254702, 0.056452, 0.254702, 0.043103, 0.254702, 0.088933, 0.254702, 0.080592, 0.260602, 0.106996, 0.257618, 0.277689, 0.000000, 

