time, entire-set, r1_l, r1_r, r2_l, r2_r, r3_l, r3_r, r4_l, r4_r, r5_l, r5_r, r6_l, r6_r, r7_l, r7_r, r8_l, r8_r, r9_l, r9_r, r10_l, r10_r, r11_l, r11_r, r12_l, r12_r, r13_l, r13_r, r14_l, r14_r, r15_l, r15_r, r16_l, r16_r, r17_l, r17_r, r18_l, r18_r, 
1.0, 0.999035, 0.967742, 1.000000, 0.983607, 1.000000, 0.987342, 1.000000, 0.990291, 1.000000, 0.987805, 1.000000, 0.992537, 1.000000, 0.995238, 1.000000, 0.994845, 1.000000, 0.996094, 1.000000, 1.000000, 1.000000, 0.992188, 1.000000, 0.996000, 1.000000, 0.995025, 1.000000, 0.997455, 1.000000, 1.000000, 0.987654, 0.997831, 1.000000, 0.996865, 1.000000, 1.000000, 0.987654, 
3.0, 0.999035, 0.967742, 1.000000, 0.983607, 1.000000, 0.987342, 1.000000, 0.990291, 1.000000, 0.987805, 1.000000, 0.992537, 1.000000, 0.995238, 1.000000, 0.994845, 1.000000, 0.996094, 1.000000, 1.000000, 1.000000, 0.992188, 1.000000, 0.996000, 1.000000, 0.995025, 1.000000, 0.997455, 1.000000, 1.000000, 0.987654, 0.997831, 1.000000, 0.996865, 1.000000, 1.000000, 0.987654, 
4.0, 0.999035, 0.967742, 1.000000, 0.983607, 1.000000, 0.987342, 1.000000, 0.990291, 1.000000, 0.987805, 1.000000, 0.992537, 1.000000, 0.995238, 1.000000, 0.994845, 1.000000, 0.996094, 1.000000, 1.000000, 1.000000, 0.992188, 1.000000, 0.996000, 1.000000, 0.995025, 1.000000, 0.997455, 1.000000, 1.000000, 0.987654, 0.997831, 1.000000, 0.996865, 1.000000, 1.000000, 0.987654, 
7.0, 0.996128, 0.967742, 1.000000, 0.983607, 1.000000, 0.974684, 1.000000, 0.980583, 1.000000, 0.987805, 1.000000, 0.992537, 1.000000, 0.990476, 1.000000, 0.994845, 1.000000, 0.988281, 1.000000, 1.000000, 1.000000, 0.992188, 1.000000, 0.996000, 1.000000, 0.995025, 1.000000, 0.994911, 1.000000, 1.000000, 0.975309, 0.993483, 1.000000, 0.996865, 1.000000, 1.000000, 0.975309, 
9.0, 0.995159, 0.967742, 1.000000, 0.983607, 1.000000, 0.974684, 1.000000, 0.980583, 1.000000, 0.987805, 1.000000, 0.992537, 1.000000, 0.990476, 1.000000, 0.989691, 1.000000, 0.984375, 1.000000, 0.991228, 1.000000, 0.984375, 1.000000, 0.992000, 1.000000, 0.990050, 1.000000, 0.992366, 1.000000, 1.000000, 0.975309, 0.991309, 1.000000, 0.993721, 1.000000, 1.000000, 0.975309, 
10.0, 0.995159, 0.967742, 1.000000, 0.983607, 1.000000, 0.974684, 1.000000, 0.980583, 1.000000, 0.987805, 1.000000, 0.992537, 1.000000, 0.990476, 1.000000, 0.989691, 1.000000, 0.984375, 1.000000, 0.991228, 1.000000, 0.984375, 1.000000, 0.992000, 1.000000, 0.990050, 1.000000, 0.992366, 1.000000, 1.000000, 0.975309, 0.991309, 1.000000, 0.993721, 1.000000, 1.000000, 0.975309, 
11.0, 0.995159, 0.967742, 1.000000, 0.983607, 1.000000, 0.974684, 1.000000, 0.980583, 1.000000, 0.987805, 1.000000, 0.992537, 1.000000, 0.990476, 1.000000, 0.989691, 1.000000, 0.984375, 1.000000, 0.991228, 1.000000, 0.984375, 1.000000, 0.992000, 1.000000, 0.990050, 1.000000, 0.992366, 1.000000, 1.000000, 0.975309, 0.991309, 1.000000, 0.993721, 1.000000, 1.000000, 0.975309, 
13.0, 0.993217, 0.967742, 0.997625, 0.983607, 0.997807, 0.974684, 0.997743, 0.980583, 0.997807, 0.987805, 0.997807, 0.992537, 0.997807, 0.990476, 0.997807, 0.989691, 0.997807, 0.984375, 0.997807, 0.991228, 0.997807, 0.976500, 0.997807, 0.987984, 0.997807, 0.985049, 0.997669, 0.989815, 0.997807, 0.997831, 0.975309, 0.989130, 0.997807, 0.990566, 0.997807, 0.997967, 0.975309, 
14.0, 0.990304, 0.935484, 0.997625, 0.950820, 0.997807, 0.962025, 0.997743, 0.951456, 0.997807, 0.963110, 0.997807, 0.977499, 0.997807, 0.976121, 0.997807, 0.974146, 0.997807, 0.976531, 0.997807, 0.973528, 0.997807, 0.968625, 0.997807, 0.979951, 0.997807, 0.980049, 0.997669, 0.982162, 0.997807, 0.997831, 0.962963, 0.982594, 0.997807, 0.981102, 0.997807, 0.997967, 0.962963, 
15.0, 0.989333, 0.935484, 0.997625, 0.950820, 0.997807, 0.962025, 0.997743, 0.951456, 0.997807, 0.963110, 0.997807, 0.969980, 0.997807, 0.971337, 0.997807, 0.968964, 0.997807, 0.972610, 0.997807, 0.973528, 0.997807, 0.960750, 0.997807, 0.975935, 0.997807, 0.975049, 0.997669, 0.979611, 0.997807, 0.997831, 0.962963, 0.980416, 0.997807, 0.977947, 0.997807, 0.997967, 0.962963, 
16.0, 0.988363, 0.903226, 0.997625, 0.934426, 0.997807, 0.949367, 0.997743, 0.941748, 0.997807, 0.950762, 0.997807, 0.962460, 0.997807, 0.966552, 0.997807, 0.963783, 0.997807, 0.968688, 0.997807, 0.973528, 0.997807, 0.952875, 0.997807, 0.971919, 0.997807, 0.970049, 0.997669, 0.977060, 0.997807, 0.997831, 0.950617, 0.978237, 0.997807, 0.974793, 0.997807, 0.997967, 0.950617, 
17.0, 0.987392, 0.903226, 0.997625, 0.934426, 0.997807, 0.949367, 0.997743, 0.941748, 0.997807, 0.950762, 0.997807, 0.954941, 0.997807, 0.961767, 0.997807, 0.958601, 0.997807, 0.964766, 0.997807, 0.964677, 0.997807, 0.952875, 0.997807, 0.971919, 0.997807, 0.970049, 0.997669, 0.974509, 0.997807, 0.997831, 0.950617, 0.976058, 0.997807, 0.971638, 0.997807, 0.997967, 0.950617, 
18.0, 0.984473, 0.903226, 0.997625, 0.934426, 0.997807, 0.936709, 0.997743, 0.932039, 0.997807, 0.950762, 0.997807, 0.954941, 0.997807, 0.956982, 0.997807, 0.958601, 0.997807, 0.960844, 0.997807, 0.955827, 0.997807, 0.945000, 0.997807, 0.967903, 0.997807, 0.965048, 0.997669, 0.969407, 0.997807, 0.997831, 0.950617, 0.969522, 0.997807, 0.968483, 0.997807, 0.997967, 0.950617, 
20.0, 0.982528, 0.870968, 0.997625, 0.918033, 0.997807, 0.924051, 0.997743, 0.922330, 0.997807, 0.950762, 0.997807, 0.947422, 0.997807, 0.952197, 0.997807, 0.953419, 0.997807, 0.956922, 0.997807, 0.946977, 0.997807, 0.945000, 0.997807, 0.963887, 0.997807, 0.965048, 0.997669, 0.966856, 0.997807, 0.997831, 0.950617, 0.967343, 0.997807, 0.962174, 0.997807, 0.997967, 0.950617, 
24.0, 0.981555, 0.870968, 0.997625, 0.918033, 0.997807, 0.924051, 0.997743, 0.922330, 0.997807, 0.950762, 0.997807, 0.947422, 0.997807, 0.952197, 0.997807, 0.953419, 0.997807, 0.956922, 0.997807, 0.938127, 0.997807, 0.937125, 0.997807, 0.959870, 0.997807, 0.960048, 0.997669, 0.964305, 0.997807, 0.997831, 0.950617, 0.965165, 0.997807, 0.959019, 0.997807, 0.997967, 0.950617, 
25.0, 0.979609, 0.870968, 0.997625, 0.918033, 0.997807, 0.924051, 0.997743, 0.922330, 0.997807, 0.938415, 0.997807, 0.939903, 0.997807, 0.947412, 0.997807, 0.948238, 0.997807, 0.953000, 0.997807, 0.929276, 0.997807, 0.937125, 0.997807, 0.955854, 0.997807, 0.960048, 0.997669, 0.961754, 0.997807, 0.997831, 0.950617, 0.962986, 0.997807, 0.952710, 0.997807, 0.997967, 0.950617, 
26.0, 0.978635, 0.838710, 0.997625, 0.901639, 0.997807, 0.911392, 0.997743, 0.912621, 0.997807, 0.926067, 0.997807, 0.932384, 0.997807, 0.942627, 0.997807, 0.943056, 0.997807, 0.949079, 0.997807, 0.929276, 0.997807, 0.929183, 0.997807, 0.951821, 0.997807, 0.955022, 0.997669, 0.959196, 0.997807, 0.997831, 0.938272, 0.960802, 0.997807, 0.949545, 0.997807, 0.997967, 0.938272, 
27.0, 0.978635, 0.838710, 0.997625, 0.901639, 0.997807, 0.911392, 0.997743, 0.912621, 0.997807, 0.926067, 0.997807, 0.932384, 0.997807, 0.942627, 0.997807, 0.943056, 0.997807, 0.949079, 0.997807, 0.929276, 0.997807, 0.929183, 0.997807, 0.951821, 0.997807, 0.955022, 0.997669, 0.959196, 0.997807, 0.997831, 0.938272, 0.960802, 0.997807, 0.949545, 0.997807, 0.997967, 0.938272, 
38.0, 0.978635, 0.838710, 0.997625, 0.901639, 0.997807, 0.911392, 0.997743, 0.912621, 0.997807, 0.926067, 0.997807, 0.932384, 0.997807, 0.942627, 0.997807, 0.943056, 0.997807, 0.949079, 0.997807, 0.929276, 0.997807, 0.929183, 0.997807, 0.951821, 0.997807, 0.955022, 0.997669, 0.959196, 0.997807, 0.997831, 0.938272, 0.960802, 0.997807, 0.949545, 0.997807, 0.997967, 0.938272, 
39.0, 0.977657, 0.838710, 0.997625, 0.901639, 0.997807, 0.911392, 0.997743, 0.912621, 0.997807, 0.926067, 0.997807, 0.932384, 0.997807, 0.942627, 0.997807, 0.943056, 0.997807, 0.949079, 0.997807, 0.929276, 0.997807, 0.929183, 0.997807, 0.951821, 0.997807, 0.955022, 0.997669, 0.959196, 0.997807, 0.997831, 0.938272, 0.958614, 0.997807, 0.949545, 0.997807, 0.997967, 0.938272, 
40.0, 0.977657, 0.838710, 0.997625, 0.901639, 0.997807, 0.911392, 0.997743, 0.912621, 0.997807, 0.926067, 0.997807, 0.932384, 0.997807, 0.942627, 0.997807, 0.943056, 0.997807, 0.949079, 0.997807, 0.929276, 0.997807, 0.929183, 0.997807, 0.951821, 0.997807, 0.955022, 0.997669, 0.959196, 0.997807, 0.997831, 0.938272, 0.958614, 0.997807, 0.949545, 0.997807, 0.997967, 0.938272, 
41.0, 0.977657, 0.838710, 0.997625, 0.901639, 0.997807, 0.911392, 0.997743, 0.912621, 0.997807, 0.926067, 0.997807, 0.932384, 0.997807, 0.942627, 0.997807, 0.943056, 0.997807, 0.949079, 0.997807, 0.929276, 0.997807, 0.929183, 0.997807, 0.951821, 0.997807, 0.955022, 0.997669, 0.959196, 0.997807, 0.997831, 0.938272, 0.958614, 0.997807, 0.949545, 0.997807, 0.997967, 0.938272, 
42.0, 0.976673, 0.838710, 0.997625, 0.901639, 0.997807, 0.898734, 0.997743, 0.902808, 0.997807, 0.926067, 0.997807, 0.932384, 0.997807, 0.937793, 0.997807, 0.943056, 0.997807, 0.945108, 0.997807, 0.929276, 0.997807, 0.929183, 0.997807, 0.951821, 0.997807, 0.949969, 0.997669, 0.956617, 0.997807, 0.997831, 0.925926, 0.956410, 0.997807, 0.949545, 0.997807, 0.997967, 0.925926, 
44.0, 0.975689, 0.838710, 0.997625, 0.901639, 0.997807, 0.898734, 0.997743, 0.902808, 0.997807, 0.926067, 0.997807, 0.932384, 0.997807, 0.937793, 0.997807, 0.943056, 0.997807, 0.945108, 0.997807, 0.929276, 0.997807, 0.929183, 0.997807, 0.951821, 0.997807, 0.949969, 0.997669, 0.956617, 0.997807, 0.997831, 0.925926, 0.956410, 0.997807, 0.949545, 0.997807, 0.995906, 0.925926, 
46.0, 0.974704, 0.838710, 0.997625, 0.901639, 0.997807, 0.898734, 0.997743, 0.902808, 0.997807, 0.926067, 0.997807, 0.924741, 0.997807, 0.932959, 0.997807, 0.937788, 0.997807, 0.941137, 0.997807, 0.920341, 0.997807, 0.929183, 0.997807, 0.951821, 0.997807, 0.944916, 0.997669, 0.954039, 0.997807, 0.997831, 0.913580, 0.954206, 0.997807, 0.949545, 0.997807, 0.995906, 0.913580, 
47.0, 0.973717, 0.805161, 0.997625, 0.884942, 0.997807, 0.886076, 0.997743, 0.892995, 0.997807, 0.913205, 0.997807, 0.917035, 0.997807, 0.928075, 0.997807, 0.932459, 0.997807, 0.937132, 0.997807, 0.911318, 0.997807, 0.929183, 0.997807, 0.947701, 0.997807, 0.944916, 0.997669, 0.951446, 0.997807, 0.997831, 0.913580, 0.951992, 0.997807, 0.946315, 0.997807, 0.995906, 0.913580, 
49.0, 0.973717, 0.805161, 0.997625, 0.884942, 0.997807, 0.886076, 0.997743, 0.892995, 0.997807, 0.913205, 0.997807, 0.917035, 0.997807, 0.928075, 0.997807, 0.932459, 0.997807, 0.937132, 0.997807, 0.911318, 0.997807, 0.929183, 0.997807, 0.947701, 0.997807, 0.944916, 0.997669, 0.951446, 0.997807, 0.997831, 0.913580, 0.951992, 0.997807, 0.946315, 0.997807, 0.995906, 0.913580, 
53.0, 0.973717, 0.805161, 0.997625, 0.884942, 0.997807, 0.886076, 0.997743, 0.892995, 0.997807, 0.913205, 0.997807, 0.917035, 0.997807, 0.928075, 0.997807, 0.932459, 0.997807, 0.937132, 0.997807, 0.911318, 0.997807, 0.929183, 0.997807, 0.947701, 0.997807, 0.944916, 0.997669, 0.951446, 0.997807, 0.997831, 0.913580, 0.951992, 0.997807, 0.946315, 0.997807, 0.995906, 0.913580, 
54.0, 0.973717, 0.805161, 0.997625, 0.884942, 0.997807, 0.886076, 0.997743, 0.892995, 0.997807, 0.913205, 0.997807, 0.917035, 0.997807, 0.928075, 0.997807, 0.932459, 0.997807, 0.937132, 0.997807, 0.911318, 0.997807, 0.929183, 0.997807, 0.947701, 0.997807, 0.944916, 0.997669, 0.951446, 0.997807, 0.997831, 0.913580, 0.951992, 0.997807, 0.946315, 0.997807, 0.995906, 0.913580, 
55.0, 0.973717, 0.805161, 0.997625, 0.884942, 0.997807, 0.886076, 0.997743, 0.892995, 0.997807, 0.913205, 0.997807, 0.917035, 0.997807, 0.928075, 0.997807, 0.932459, 0.997807, 0.937132, 0.997807, 0.911318, 0.997807, 0.929183, 0.997807, 0.947701, 0.997807, 0.944916, 0.997669, 0.951446, 0.997807, 0.997831, 0.913580, 0.951992, 0.997807, 0.946315, 0.997807, 0.995906, 0.913580, 
56.0, 0.972718, 0.771613, 0.997625, 0.868245, 0.997807, 0.886076, 0.997743, 0.883182, 0.997807, 0.913205, 0.997807, 0.909329, 0.997807, 0.923190, 0.997807, 0.927131, 0.997807, 0.933127, 0.997807, 0.911318, 0.997807, 0.921033, 0.997807, 0.943580, 0.997807, 0.939836, 0.997669, 0.948854, 0.997807, 0.997831, 0.901235, 0.949763, 0.997807, 0.943063, 0.997807, 0.995906, 0.901235, 
58.0, 0.971718, 0.771613, 0.997625, 0.851548, 0.997807, 0.873418, 0.997743, 0.873369, 0.997807, 0.900159, 0.997807, 0.901557, 0.997807, 0.918279, 0.997807, 0.921772, 0.997807, 0.929105, 0.997807, 0.902295, 0.997807, 0.921033, 0.997807, 0.939442, 0.997807, 0.939836, 0.997669, 0.946254, 0.997807, 0.997831, 0.901235, 0.947528, 0.997807, 0.939800, 0.997807, 0.995906, 0.901235, 
59.0, 0.971718, 0.771613, 0.997625, 0.851548, 0.997807, 0.873418, 0.997743, 0.873369, 0.997807, 0.900159, 0.997807, 0.901557, 0.997807, 0.918279, 0.997807, 0.921772, 0.997807, 0.929105, 0.997807, 0.902295, 0.997807, 0.921033, 0.997807, 0.939442, 0.997807, 0.939836, 0.997669, 0.946254, 0.997807, 0.997831, 0.901235, 0.947528, 0.997807, 0.939800, 0.997807, 0.995906, 0.901235, 
60.0, 0.971718, 0.771613, 0.997625, 0.851548, 0.997807, 0.873418, 0.997743, 0.873369, 0.997807, 0.900159, 0.997807, 0.901557, 0.997807, 0.918279, 0.997807, 0.921772, 0.997807, 0.929105, 0.997807, 0.902295, 0.997807, 0.921033, 0.997807, 0.939442, 0.997807, 0.939836, 0.997669, 0.946254, 0.997807, 0.997831, 0.901235, 0.947528, 0.997807, 0.939800, 0.997807, 0.995906, 0.901235, 
61.0, 0.970717, 0.771613, 0.997625, 0.851548, 0.997807, 0.873418, 0.997743, 0.873369, 0.997807, 0.900159, 0.997807, 0.901557, 0.997807, 0.918279, 0.997807, 0.921772, 0.997807, 0.929105, 0.997807, 0.893272, 0.997807, 0.912882, 0.997807, 0.935303, 0.997807, 0.934728, 0.997669, 0.943647, 0.997807, 0.997831, 0.901235, 0.945288, 0.997807, 0.936537, 0.997807, 0.995906, 0.901235, 
62.0, 0.970717, 0.771613, 0.997625, 0.851548, 0.997807, 0.873418, 0.997743, 0.873369, 0.997807, 0.900159, 0.997807, 0.901557, 0.997807, 0.918279, 0.997807, 0.921772, 0.997807, 0.929105, 0.997807, 0.893272, 0.997807, 0.912882, 0.997807, 0.935303, 0.997807, 0.934728, 0.997669, 0.943647, 0.997807, 0.997831, 0.901235, 0.945288, 0.997807, 0.936537, 0.997807, 0.995906, 0.901235, 
63.0, 0.970717, 0.771613, 0.997625, 0.851548, 0.997807, 0.873418, 0.997743, 0.873369, 0.997807, 0.900159, 0.997807, 0.901557, 0.997807, 0.918279, 0.997807, 0.921772, 0.997807, 0.929105, 0.997807, 0.893272, 0.997807, 0.912882, 0.997807, 0.935303, 0.997807, 0.934728, 0.997669, 0.943647, 0.997807, 0.997831, 0.901235, 0.945288, 0.997807, 0.936537, 0.997807, 0.995906, 0.901235, 
64.0, 0.969713, 0.771613, 0.997625, 0.851548, 0.997807, 0.873418, 0.997743, 0.873369, 0.997807, 0.887113, 0.997807, 0.893785, 0.997807, 0.913369, 0.997807, 0.916413, 0.997807, 0.925083, 0.997807, 0.884157, 0.997807, 0.904731, 0.997807, 0.931165, 0.997807, 0.929620, 0.997669, 0.941033, 0.997807, 0.997831, 0.901235, 0.943043, 0.997807, 0.933273, 0.997807, 0.995906, 0.901235, 
65.0, 0.968709, 0.771613, 0.997625, 0.851548, 0.997807, 0.873418, 0.997743, 0.873369, 0.997807, 0.874068, 0.997807, 0.886013, 0.997807, 0.908458, 0.997807, 0.911054, 0.997807, 0.921061, 0.997807, 0.875042, 0.997807, 0.904731, 0.997807, 0.927026, 0.997807, 0.929620, 0.997669, 0.938419, 0.997807, 0.997831, 0.901235, 0.940797, 0.997807, 0.930010, 0.997807, 0.995906, 0.901235, 
66.0, 0.968709, 0.771613, 0.997625, 0.851548, 0.997807, 0.873418, 0.997743, 0.873369, 0.997807, 0.874068, 0.997807, 0.886013, 0.997807, 0.908458, 0.997807, 0.911054, 0.997807, 0.921061, 0.997807, 0.875042, 0.997807, 0.904731, 0.997807, 0.927026, 0.997807, 0.929620, 0.997669, 0.938419, 0.997807, 0.997831, 0.901235, 0.940797, 0.997807, 0.930010, 0.997807, 0.995906, 0.901235, 
67.0, 0.968709, 0.771613, 0.997625, 0.851548, 0.997807, 0.873418, 0.997743, 0.873369, 0.997807, 0.874068, 0.997807, 0.886013, 0.997807, 0.908458, 0.997807, 0.911054, 0.997807, 0.921061, 0.997807, 0.875042, 0.997807, 0.904731, 0.997807, 0.927026, 0.997807, 0.929620, 0.997669, 0.938419, 0.997807, 0.997831, 0.901235, 0.940797, 0.997807, 0.930010, 0.997807, 0.995906, 0.901235, 
68.0, 0.966689, 0.738065, 0.997625, 0.818154, 0.997807, 0.848101, 0.997743, 0.853743, 0.997807, 0.861022, 0.997807, 0.870468, 0.997807, 0.898637, 0.997807, 0.900335, 0.997807, 0.913016, 0.997807, 0.856812, 0.997807, 0.888430, 0.997807, 0.918712, 0.997807, 0.919404, 0.997669, 0.933177, 0.997807, 0.997831, 0.876543, 0.936296, 0.997807, 0.923461, 0.997807, 0.995906, 0.876543, 
69.0, 0.966689, 0.738065, 0.997625, 0.818154, 0.997807, 0.848101, 0.997743, 0.853743, 0.997807, 0.861022, 0.997807, 0.870468, 0.997807, 0.898637, 0.997807, 0.900335, 0.997807, 0.913016, 0.997807, 0.856812, 0.997807, 0.888430, 0.997807, 0.918712, 0.997807, 0.919404, 0.997669, 0.933177, 0.997807, 0.997831, 0.876543, 0.936296, 0.997807, 0.923461, 0.997807, 0.995906, 0.876543, 
70.0, 0.966689, 0.738065, 0.997625, 0.818154, 0.997807, 0.848101, 0.997743, 0.853743, 0.997807, 0.861022, 0.997807, 0.870468, 0.997807, 0.898637, 0.997807, 0.900335, 0.997807, 0.913016, 0.997807, 0.856812, 0.997807, 0.888430, 0.997807, 0.918712, 0.997807, 0.919404, 0.997669, 0.933177, 0.997807, 0.997831, 0.876543, 0.936296, 0.997807, 0.923461, 0.997807, 0.995906, 0.876543, 
73.0, 0.966689, 0.738065, 0.997625, 0.818154, 0.997807, 0.848101, 0.997743, 0.853743, 0.997807, 0.861022, 0.997807, 0.870468, 0.997807, 0.898637, 0.997807, 0.900335, 0.997807, 0.913016, 0.997807, 0.856812, 0.997807, 0.888430, 0.997807, 0.918712, 0.997807, 0.919404, 0.997669, 0.933177, 0.997807, 0.997831, 0.876543, 0.936296, 0.997807, 0.923461, 0.997807, 0.995906, 0.876543, 
74.0, 0.966689, 0.738065, 0.997625, 0.818154, 0.997807, 0.848101, 0.997743, 0.853743, 0.997807, 0.861022, 0.997807, 0.870468, 0.997807, 0.898637, 0.997807, 0.900335, 0.997807, 0.913016, 0.997807, 0.856812, 0.997807, 0.888430, 0.997807, 0.918712, 0.997807, 0.919404, 0.997669, 0.933177, 0.997807, 0.997831, 0.876543, 0.936296, 0.997807, 0.923461, 0.997807, 0.995906, 0.876543, 
75.0, 0.966689, 0.738065, 0.997625, 0.818154, 0.997807, 0.848101, 0.997743, 0.853743, 0.997807, 0.861022, 0.997807, 0.870468, 0.997807, 0.898637, 0.997807, 0.900335, 0.997807, 0.913016, 0.997807, 0.856812, 0.997807, 0.888430, 0.997807, 0.918712, 0.997807, 0.919404, 0.997669, 0.933177, 0.997807, 0.997831, 0.876543, 0.936296, 0.997807, 0.923461, 0.997807, 0.995906, 0.876543, 
76.0, 0.966689, 0.738065, 0.997625, 0.818154, 0.997807, 0.848101, 0.997743, 0.853743, 0.997807, 0.861022, 0.997807, 0.870468, 0.997807, 0.898637, 0.997807, 0.900335, 0.997807, 0.913016, 0.997807, 0.856812, 0.997807, 0.888430, 0.997807, 0.918712, 0.997807, 0.919404, 0.997669, 0.933177, 0.997807, 0.997831, 0.876543, 0.936296, 0.997807, 0.923461, 0.997807, 0.995906, 0.876543, 
77.0, 0.965666, 0.704516, 0.997625, 0.801457, 0.997807, 0.835443, 0.997743, 0.843929, 0.997807, 0.847775, 0.997807, 0.862626, 0.997807, 0.893672, 0.997807, 0.894912, 0.997807, 0.908959, 0.997807, 0.856812, 0.997807, 0.880203, 0.997807, 0.914517, 0.997807, 0.914268, 0.997669, 0.930541, 0.997807, 0.997831, 0.864198, 0.934029, 0.997807, 0.920163, 0.997807, 0.995906, 0.864198, 
80.0, 0.965666, 0.704516, 0.997625, 0.801457, 0.997807, 0.835443, 0.997743, 0.843929, 0.997807, 0.847775, 0.997807, 0.862626, 0.997807, 0.893672, 0.997807, 0.894912, 0.997807, 0.908959, 0.997807, 0.856812, 0.997807, 0.880203, 0.997807, 0.914517, 0.997807, 0.914268, 0.997669, 0.930541, 0.997807, 0.997831, 0.864198, 0.934029, 0.997807, 0.920163, 0.997807, 0.995906, 0.864198, 
81.0, 0.964641, 0.704516, 0.997625, 0.784760, 0.997807, 0.822785, 0.997743, 0.834116, 0.997807, 0.847775, 0.997807, 0.854784, 0.997807, 0.888707, 0.997807, 0.889488, 0.997807, 0.904901, 0.997807, 0.847599, 0.997807, 0.880203, 0.997807, 0.910322, 0.997807, 0.914268, 0.997669, 0.927905, 0.997807, 0.997831, 0.864198, 0.931762, 0.997807, 0.916865, 0.997807, 0.995906, 0.864198, 
82.0, 0.962588, 0.670968, 0.997625, 0.751366, 0.997807, 0.797468, 0.997743, 0.814490, 0.997807, 0.821282, 0.997807, 0.839100, 0.997807, 0.878778, 0.997807, 0.878640, 0.997807, 0.896785, 0.997807, 0.847599, 0.997807, 0.880203, 0.997807, 0.906127, 0.997807, 0.909132, 0.997669, 0.922632, 0.997807, 0.997831, 0.851852, 0.927228, 0.997807, 0.910269, 0.997807, 0.995906, 0.851852, 
84.0, 0.961560, 0.670968, 0.995060, 0.751366, 0.995443, 0.797468, 0.995303, 0.814490, 0.995443, 0.821282, 0.995443, 0.839100, 0.995443, 0.878778, 0.995443, 0.878640, 0.995443, 0.896785, 0.995443, 0.847599, 0.995443, 0.880203, 0.995443, 0.906127, 0.995443, 0.909132, 0.995156, 0.922632, 0.995443, 0.995488, 0.851852, 0.927228, 0.995443, 0.910269, 0.995443, 0.993717, 0.851852, 
85.0, 0.960529, 0.670968, 0.995060, 0.751366, 0.995443, 0.797468, 0.995303, 0.814490, 0.995443, 0.821282, 0.995443, 0.839100, 0.995443, 0.878778, 0.995443, 0.878640, 0.995443, 0.896785, 0.995443, 0.847599, 0.995443, 0.880203, 0.995443, 0.906127, 0.995443, 0.909132, 0.995156, 0.919989, 0.995443, 0.995488, 0.851852, 0.924955, 0.995443, 0.910269, 0.995443, 0.993717, 0.851852, 
86.0, 0.960529, 0.670968, 0.995060, 0.751366, 0.995443, 0.797468, 0.995303, 0.814490, 0.995443, 0.821282, 0.995443, 0.839100, 0.995443, 0.878778, 0.995443, 0.878640, 0.995443, 0.896785, 0.995443, 0.847599, 0.995443, 0.880203, 0.995443, 0.906127, 0.995443, 0.909132, 0.995156, 0.919989, 0.995443, 0.995488, 0.851852, 0.924955, 0.995443, 0.910269, 0.995443, 0.993717, 0.851852, 
87.0, 0.959496, 0.637419, 0.995060, 0.734669, 0.995443, 0.784810, 0.995303, 0.804677, 0.995443, 0.808036, 0.995443, 0.831258, 0.995443, 0.873813, 0.995443, 0.873217, 0.995443, 0.892727, 0.995443, 0.838386, 0.995443, 0.871900, 0.995443, 0.901912, 0.995443, 0.903966, 0.995156, 0.917345, 0.995443, 0.995488, 0.839506, 0.922682, 0.995443, 0.906958, 0.995443, 0.993717, 0.839506, 
88.0, 0.959496, 0.637419, 0.995060, 0.734669, 0.995443, 0.784810, 0.995303, 0.804677, 0.995443, 0.808036, 0.995443, 0.831258, 0.995443, 0.873813, 0.995443, 0.873217, 0.995443, 0.892727, 0.995443, 0.838386, 0.995443, 0.871900, 0.995443, 0.901912, 0.995443, 0.903966, 0.995156, 0.917345, 0.995443, 0.995488, 0.839506, 0.922682, 0.995443, 0.906958, 0.995443, 0.993717, 0.839506, 
89.0, 0.959496, 0.637419, 0.995060, 0.734669, 0.995443, 0.784810, 0.995303, 0.804677, 0.995443, 0.808036, 0.995443, 0.831258, 0.995443, 0.873813, 0.995443, 0.873217, 0.995443, 0.892727, 0.995443, 0.838386, 0.995443, 0.871900, 0.995443, 0.901912, 0.995443, 0.903966, 0.995156, 0.917345, 0.995443, 0.995488, 0.839506, 0.922682, 0.995443, 0.906958, 0.995443, 0.993717, 0.839506, 
90.0, 0.958456, 0.637419, 0.992469, 0.734669, 0.993055, 0.784810, 0.992846, 0.804677, 0.993055, 0.808036, 0.993055, 0.831258, 0.993055, 0.873813, 0.993055, 0.873217, 0.993055, 0.892727, 0.993055, 0.838386, 0.993055, 0.871900, 0.993055, 0.901912, 0.993055, 0.903966, 0.992624, 0.917345, 0.993055, 0.993124, 0.839506, 0.922682, 0.993055, 0.906958, 0.993055, 0.991509, 0.839506, 
91.0, 0.956372, 0.637419, 0.992469, 0.734669, 0.993055, 0.759494, 0.992846, 0.804677, 0.993055, 0.808036, 0.993055, 0.823416, 0.993055, 0.863883, 0.993055, 0.862369, 0.993055, 0.884574, 0.993055, 0.838386, 0.993055, 0.863516, 0.993055, 0.893444, 0.993055, 0.898741, 0.992624, 0.912027, 0.993055, 0.993124, 0.827160, 0.918103, 0.993055, 0.900265, 0.993055, 0.991509, 0.827160, 
92.0, 0.956372, 0.637419, 0.992469, 0.734669, 0.993055, 0.759494, 0.992846, 0.804677, 0.993055, 0.808036, 0.993055, 0.823416, 0.993055, 0.863883, 0.993055, 0.862369, 0.993055, 0.884574, 0.993055, 0.838386, 0.993055, 0.863516, 0.993055, 0.893444, 0.993055, 0.898741, 0.992624, 0.912027, 0.993055, 0.993124, 0.827160, 0.918103, 0.993055, 0.900265, 0.993055, 0.991509, 0.827160, 
94.0, 0.956372, 0.637419, 0.992469, 0.734669, 0.993055, 0.759494, 0.992846, 0.804677, 0.993055, 0.808036, 0.993055, 0.823416, 0.993055, 0.863883, 0.993055, 0.862369, 0.993055, 0.884574, 0.993055, 0.838386, 0.993055, 0.863516, 0.993055, 0.893444, 0.993055, 0.898741, 0.992624, 0.912027, 0.993055, 0.993124, 0.827160, 0.918103, 0.993055, 0.900265, 0.993055, 0.991509, 0.827160, 
95.0, 0.956372, 0.637419, 0.992469, 0.734669, 0.993055, 0.759494, 0.992846, 0.804677, 0.993055, 0.808036, 0.993055, 0.823416, 0.993055, 0.863883, 0.993055, 0.862369, 0.993055, 0.884574, 0.993055, 0.838386, 0.993055, 0.863516, 0.993055, 0.893444, 0.993055, 0.898741, 0.992624, 0.912027, 0.993055, 0.993124, 0.827160, 0.918103, 0.993055, 0.900265, 0.993055, 0.991509, 0.827160, 
98.0, 0.956372, 0.637419, 0.992469, 0.734669, 0.993055, 0.759494, 0.992846, 0.804677, 0.993055, 0.808036, 0.993055, 0.823416, 0.993055, 0.863883, 0.993055, 0.862369, 0.993055, 0.884574, 0.993055, 0.838386, 0.993055, 0.863516, 0.993055, 0.893444, 0.993055, 0.898741, 0.992624, 0.912027, 0.993055, 0.993124, 0.827160, 0.918103, 0.993055, 0.900265, 0.993055, 0.991509, 0.827160, 
100.0, 0.956372, 0.637419, 0.992469, 0.734669, 0.993055, 0.759494, 0.992846, 0.804677, 0.993055, 0.808036, 0.993055, 0.823416, 0.993055, 0.863883, 0.993055, 0.862369, 0.993055, 0.884574, 0.993055, 0.838386, 0.993055, 0.863516, 0.993055, 0.893444, 0.993055, 0.898741, 0.992624, 0.912027, 0.993055, 0.993124, 0.827160, 0.918103, 0.993055, 0.900265, 0.993055, 0.991509, 0.827160, 
103.0, 0.955321, 0.637419, 0.992469, 0.734669, 0.990639, 0.759494, 0.990357, 0.804677, 0.990639, 0.808036, 0.990639, 0.823416, 0.990639, 0.863883, 0.990639, 0.862369, 0.990639, 0.884574, 0.990639, 0.838386, 0.990639, 0.863516, 0.990639, 0.893444, 0.990639, 0.898741, 0.992624, 0.912027, 0.990639, 0.990731, 0.827160, 0.918103, 0.990639, 0.900265, 0.990639, 0.989275, 0.827160, 
104.0, 0.955321, 0.637419, 0.992469, 0.734669, 0.990639, 0.759494, 0.990357, 0.804677, 0.990639, 0.808036, 0.990639, 0.823416, 0.990639, 0.863883, 0.990639, 0.862369, 0.990639, 0.884574, 0.990639, 0.838386, 0.990639, 0.863516, 0.990639, 0.893444, 0.990639, 0.898741, 0.992624, 0.912027, 0.990639, 0.990731, 0.827160, 0.918103, 0.990639, 0.900265, 0.990639, 0.989275, 0.827160, 
105.0, 0.954265, 0.637419, 0.992469, 0.734669, 0.990639, 0.759494, 0.990357, 0.804677, 0.990639, 0.808036, 0.990639, 0.823416, 0.990639, 0.863883, 0.990639, 0.862369, 0.990639, 0.884574, 0.990639, 0.828966, 0.990639, 0.863516, 0.990639, 0.889107, 0.990639, 0.898741, 0.992624, 0.909337, 0.990639, 0.990731, 0.827160, 0.915785, 0.990639, 0.896842, 0.990639, 0.989275, 0.827160, 
108.0, 0.953205, 0.603871, 0.992469, 0.717584, 0.990639, 0.759494, 0.990357, 0.794618, 0.990639, 0.794789, 0.990639, 0.815422, 0.990639, 0.858831, 0.990639, 0.856876, 0.990639, 0.880441, 0.990639, 0.819546, 0.990639, 0.854966, 0.990639, 0.884770, 0.990639, 0.893454, 0.992624, 0.906639, 0.990639, 0.990731, 0.814628, 0.913461, 0.990639, 0.893419, 0.990639, 0.989275, 0.814628, 
109.0, 0.953205, 0.603871, 0.992469, 0.717584, 0.990639, 0.759494, 0.990357, 0.794618, 0.990639, 0.794789, 0.990639, 0.815422, 0.990639, 0.858831, 0.990639, 0.856876, 0.990639, 0.880441, 0.990639, 0.819546, 0.990639, 0.854966, 0.990639, 0.884770, 0.990639, 0.893454, 0.992624, 0.906639, 0.990639, 0.990731, 0.814628, 0.913461, 0.990639, 0.893419, 0.990639, 0.989275, 0.814628, 
110.0, 0.953205, 0.603871, 0.992469, 0.717584, 0.990639, 0.759494, 0.990357, 0.794618, 0.990639, 0.794789, 0.990639, 0.815422, 0.990639, 0.858831, 0.990639, 0.856876, 0.990639, 0.880441, 0.990639, 0.819546, 0.990639, 0.854966, 0.990639, 0.884770, 0.990639, 0.893454, 0.992624, 0.906639, 0.990639, 0.990731, 0.814628, 0.913461, 0.990639, 0.893419, 0.990639, 0.989275, 0.814628, 
111.0, 0.953205, 0.603871, 0.992469, 0.717584, 0.990639, 0.759494, 0.990357, 0.794618, 0.990639, 0.794789, 0.990639, 0.815422, 0.990639, 0.858831, 0.990639, 0.856876, 0.990639, 0.880441, 0.990639, 0.819546, 0.990639, 0.854966, 0.990639, 0.884770, 0.990639, 0.893454, 0.992624, 0.906639, 0.990639, 0.990731, 0.814628, 0.913461, 0.990639, 0.893419, 0.990639, 0.989275, 0.814628, 
112.0, 0.952139, 0.603871, 0.992469, 0.717584, 0.990639, 0.759494, 0.990357, 0.784560, 0.990639, 0.781543, 0.990639, 0.815422, 0.990639, 0.853779, 0.990639, 0.851384, 0.990639, 0.880441, 0.990639, 0.819546, 0.990639, 0.846417, 0.990639, 0.880432, 0.990639, 0.888168, 0.992624, 0.903940, 0.990639, 0.990731, 0.801899, 0.911130, 0.990639, 0.889996, 0.990639, 0.989275, 0.801899, 
113.0, 0.950004, 0.603871, 0.992469, 0.717584, 0.990639, 0.759494, 0.990357, 0.784560, 0.990639, 0.781543, 0.990639, 0.815422, 0.990639, 0.853779, 0.990639, 0.845891, 0.990639, 0.876288, 0.990639, 0.810126, 0.990639, 0.837867, 0.990639, 0.876095, 0.990639, 0.877594, 0.992624, 0.898544, 0.990639, 0.990731, 0.801899, 0.906470, 0.990639, 0.886573, 0.990639, 0.989275, 0.801899, 
115.0, 0.948937, 0.603871, 0.992469, 0.717584, 0.990639, 0.759494, 0.990357, 0.784560, 0.990639, 0.781543, 0.990639, 0.815422, 0.990639, 0.848727, 0.990639, 0.840398, 0.990639, 0.872135, 0.990639, 0.810126, 0.990639, 0.829317, 0.990639, 0.871758, 0.990639, 0.872307, 0.992624, 0.895845, 0.990639, 0.990731, 0.801899, 0.904140, 0.990639, 0.883150, 0.990639, 0.989275, 0.801899, 
116.0, 0.948937, 0.603871, 0.992469, 0.717584, 0.990639, 0.759494, 0.990357, 0.784560, 0.990639, 0.781543, 0.990639, 0.815422, 0.990639, 0.848727, 0.990639, 0.840398, 0.990639, 0.872135, 0.990639, 0.810126, 0.990639, 0.829317, 0.990639, 0.871758, 0.990639, 0.872307, 0.992624, 0.895845, 0.990639, 0.990731, 0.801899, 0.904140, 0.990639, 0.883150, 0.990639, 0.989275, 0.801899, 
117.0, 0.946799, 0.603871, 0.992469, 0.717584, 0.990639, 0.759494, 0.990357, 0.784560, 0.990639, 0.768296, 0.990639, 0.807427, 0.990639, 0.843675, 0.990639, 0.834905, 0.990639, 0.867982, 0.990639, 0.800706, 0.990639, 0.829317, 0.990639, 0.871758, 0.990639, 0.867021, 0.992624, 0.893147, 0.990639, 0.990731, 0.801899, 0.901809, 0.990639, 0.879727, 0.990639, 0.986991, 0.801899, 
118.0, 0.946799, 0.603871, 0.992469, 0.717584, 0.990639, 0.759494, 0.990357, 0.784560, 0.990639, 0.768296, 0.990639, 0.807427, 0.990639, 0.843675, 0.990639, 0.834905, 0.990639, 0.867982, 0.990639, 0.800706, 0.990639, 0.829317, 0.990639, 0.871758, 0.990639, 0.867021, 0.992624, 0.893147, 0.990639, 0.990731, 0.801899, 0.901809, 0.990639, 0.879727, 0.990639, 0.986991, 0.801899, 
119.0, 0.946799, 0.603871, 0.992469, 0.717584, 0.990639, 0.759494, 0.990357, 0.784560, 0.990639, 0.768296, 0.990639, 0.807427, 0.990639, 0.843675, 0.990639, 0.834905, 0.990639, 0.867982, 0.990639, 0.800706, 0.990639, 0.829317, 0.990639, 0.871758, 0.990639, 0.867021, 0.992624, 0.893147, 0.990639, 0.990731, 0.801899, 0.901809, 0.990639, 0.879727, 0.990639, 0.986991, 0.801899, 
120.0, 0.946799, 0.603871, 0.992469, 0.717584, 0.990639, 0.759494, 0.990357, 0.784560, 0.990639, 0.768296, 0.990639, 0.807427, 0.990639, 0.843675, 0.990639, 0.834905, 0.990639, 0.867982, 0.990639, 0.800706, 0.990639, 0.829317, 0.990639, 0.871758, 0.990639, 0.867021, 0.992624, 0.893147, 0.990639, 0.990731, 0.801899, 0.901809, 0.990639, 0.879727, 0.990639, 0.986991, 0.801899, 
123.0, 0.945720, 0.603871, 0.992469, 0.717584, 0.990639, 0.759494, 0.990357, 0.784560, 0.990639, 0.768296, 0.990639, 0.807427, 0.990639, 0.843675, 0.990639, 0.834905, 0.990639, 0.867982, 0.990639, 0.791286, 0.990639, 0.820768, 0.990639, 0.867421, 0.990639, 0.861734, 0.992624, 0.893147, 0.990639, 0.990731, 0.801899, 0.899473, 0.990639, 0.876304, 0.990639, 0.986991, 0.801899, 
124.0, 0.945720, 0.603871, 0.992469, 0.717584, 0.990639, 0.759494, 0.990357, 0.784560, 0.990639, 0.768296, 0.990639, 0.807427, 0.990639, 0.843675, 0.990639, 0.834905, 0.990639, 0.867982, 0.990639, 0.791286, 0.990639, 0.820768, 0.990639, 0.867421, 0.990639, 0.861734, 0.992624, 0.893147, 0.990639, 0.990731, 0.801899, 0.899473, 0.990639, 0.876304, 0.990639, 0.986991, 0.801899, 
125.0, 0.945720, 0.603871, 0.992469, 0.717584, 0.990639, 0.759494, 0.990357, 0.784560, 0.990639, 0.768296, 0.990639, 0.807427, 0.990639, 0.843675, 0.990639, 0.834905, 0.990639, 0.867982, 0.990639, 0.791286, 0.990639, 0.820768, 0.990639, 0.867421, 0.990639, 0.861734, 0.992624, 0.893147, 0.990639, 0.990731, 0.801899, 0.899473, 0.990639, 0.876304, 0.990639, 0.986991, 0.801899, 
126.0, 0.944634, 0.570323, 0.992469, 0.700498, 0.990639, 0.746621, 0.990357, 0.774502, 0.990639, 0.754818, 0.990639, 0.799353, 0.990639, 0.838593, 0.990639, 0.829376, 0.990639, 0.863768, 0.990639, 0.781866, 0.990639, 0.812128, 0.990639, 0.863062, 0.990639, 0.856382, 0.992624, 0.890432, 0.990639, 0.990731, 0.788965, 0.897118, 0.990639, 0.872854, 0.990639, 0.986991, 0.788965, 
127.0, 0.943547, 0.570323, 0.992469, 0.700498, 0.990639, 0.746621, 0.990357, 0.774502, 0.990639, 0.754818, 0.990639, 0.799353, 0.990639, 0.838593, 0.990639, 0.823847, 0.990639, 0.859555, 0.990639, 0.781866, 0.990639, 0.812128, 0.990639, 0.863062, 0.990639, 0.856382, 0.992624, 0.890432, 0.990639, 0.990731, 0.788965, 0.894764, 0.990639, 0.872854, 0.990639, 0.986991, 0.788965, 
129.0, 0.941373, 0.570323, 0.992469, 0.683413, 0.990639, 0.733748, 0.990357, 0.764443, 0.990639, 0.741339, 0.990639, 0.791279, 0.990639, 0.833511, 0.990639, 0.818318, 0.990639, 0.855341, 0.990639, 0.772445, 0.990639, 0.803488, 0.990639, 0.858703, 0.990639, 0.851029, 0.992624, 0.887717, 0.990639, 0.990731, 0.776031, 0.892409, 0.990639, 0.869404, 0.990639, 0.986991, 0.776031, 
130.0, 0.940286, 0.570323, 0.992469, 0.683413, 0.990639, 0.733748, 0.990357, 0.764443, 0.990639, 0.741339, 0.990639, 0.791279, 0.990639, 0.833511, 0.990639, 0.818318, 0.990639, 0.855341, 0.990639, 0.763025, 0.990639, 0.794849, 0.990639, 0.854344, 0.990639, 0.845677, 0.992624, 0.885003, 0.990639, 0.990731, 0.776031, 0.890054, 0.990639, 0.865954, 0.990639, 0.986991, 0.776031, 
131.0, 0.940286, 0.570323, 0.992469, 0.683413, 0.990639, 0.733748, 0.990357, 0.764443, 0.990639, 0.741339, 0.990639, 0.791279, 0.990639, 0.833511, 0.990639, 0.818318, 0.990639, 0.855341, 0.990639, 0.763025, 0.990639, 0.794849, 0.990639, 0.854344, 0.990639, 0.845677, 0.992624, 0.885003, 0.990639, 0.990731, 0.776031, 0.890054, 0.990639, 0.865954, 0.990639, 0.986991, 0.776031, 
132.0, 0.940286, 0.570323, 0.992469, 0.683413, 0.990639, 0.733748, 0.990357, 0.764443, 0.990639, 0.741339, 0.990639, 0.791279, 0.990639, 0.833511, 0.990639, 0.818318, 0.990639, 0.855341, 0.990639, 0.763025, 0.990639, 0.794849, 0.990639, 0.854344, 0.990639, 0.845677, 0.992624, 0.885003, 0.990639, 0.990731, 0.776031, 0.890054, 0.990639, 0.865954, 0.990639, 0.986991, 0.776031, 
133.0, 0.940286, 0.570323, 0.992469, 0.683413, 0.990639, 0.733748, 0.990357, 0.764443, 0.990639, 0.741339, 0.990639, 0.791279, 0.990639, 0.833511, 0.990639, 0.818318, 0.990639, 0.855341, 0.990639, 0.763025, 0.990639, 0.794849, 0.990639, 0.854344, 0.990639, 0.845677, 0.992624, 0.885003, 0.990639, 0.990731, 0.776031, 0.890054, 0.990639, 0.865954, 0.990639, 0.986991, 0.776031, 
135.0, 0.939181, 0.570323, 0.992469, 0.683413, 0.990639, 0.733748, 0.990357, 0.764443, 0.990639, 0.741339, 0.990639, 0.791279, 0.990639, 0.833511, 0.990639, 0.818318, 0.990639, 0.855341, 0.990639, 0.763025, 0.990639, 0.794849, 0.990639, 0.854344, 0.990639, 0.845677, 0.992624, 0.885003, 0.990639, 0.990731, 0.776031, 0.890054, 0.990639, 0.865954, 0.990639, 0.986991, 0.776031, 
136.0, 0.939181, 0.570323, 0.992469, 0.683413, 0.990639, 0.733748, 0.990357, 0.764443, 0.990639, 0.741339, 0.990639, 0.791279, 0.990639, 0.833511, 0.990639, 0.818318, 0.990639, 0.855341, 0.990639, 0.763025, 0.990639, 0.794849, 0.990639, 0.854344, 0.990639, 0.845677, 0.992624, 0.885003, 0.990639, 0.990731, 0.776031, 0.890054, 0.990639, 0.865954, 0.990639, 0.986991, 0.776031, 
137.0, 0.938072, 0.570323, 0.989625, 0.683413, 0.988032, 0.733748, 0.987666, 0.764443, 0.988032, 0.741339, 0.988032, 0.791279, 0.988032, 0.833511, 0.988032, 0.818318, 0.988032, 0.855341, 0.988032, 0.763025, 0.988032, 0.794849, 0.988032, 0.854344, 0.988032, 0.845677, 0.989843, 0.885003, 0.988032, 0.988144, 0.776031, 0.890054, 0.988032, 0.865954, 0.988032, 0.984577, 0.776031, 
138.0, 0.936959, 0.570323, 0.989625, 0.683413, 0.988032, 0.733748, 0.987666, 0.764443, 0.988032, 0.741339, 0.988032, 0.791279, 0.988032, 0.833511, 0.988032, 0.818318, 0.988032, 0.855341, 0.988032, 0.763025, 0.988032, 0.794849, 0.988032, 0.854344, 0.988032, 0.845677, 0.989843, 0.885003, 0.988032, 0.988144, 0.776031, 0.890054, 0.988032, 0.862490, 0.988032, 0.984577, 0.776031, 
140.0, 0.936959, 0.570323, 0.989625, 0.683413, 0.988032, 0.733748, 0.987666, 0.764443, 0.988032, 0.741339, 0.988032, 0.791279, 0.988032, 0.833511, 0.988032, 0.818318, 0.988032, 0.855341, 0.988032, 0.763025, 0.988032, 0.794849, 0.988032, 0.854344, 0.988032, 0.845677, 0.989843, 0.885003, 0.988032, 0.988144, 0.776031, 0.890054, 0.988032, 0.862490, 0.988032, 0.984577, 0.776031, 
143.0, 0.936959, 0.570323, 0.989625, 0.683413, 0.988032, 0.733748, 0.987666, 0.764443, 0.988032, 0.741339, 0.988032, 0.791279, 0.988032, 0.833511, 0.988032, 0.818318, 0.988032, 0.855341, 0.988032, 0.763025, 0.988032, 0.794849, 0.988032, 0.854344, 0.988032, 0.845677, 0.989843, 0.885003, 0.988032, 0.988144, 0.776031, 0.890054, 0.988032, 0.862490, 0.988032, 0.984577, 0.776031, 
144.0, 0.935839, 0.570323, 0.989625, 0.683413, 0.988032, 0.733748, 0.987666, 0.764443, 0.988032, 0.741339, 0.988032, 0.791279, 0.988032, 0.833511, 0.988032, 0.818318, 0.988032, 0.855341, 0.988032, 0.753488, 0.988032, 0.794849, 0.988032, 0.849963, 0.988032, 0.845677, 0.989843, 0.882254, 0.988032, 0.988144, 0.776031, 0.887675, 0.988032, 0.859026, 0.988032, 0.984577, 0.776031, 
145.0, 0.935839, 0.570323, 0.989625, 0.683413, 0.988032, 0.733748, 0.987666, 0.764443, 0.988032, 0.741339, 0.988032, 0.791279, 0.988032, 0.833511, 0.988032, 0.818318, 0.988032, 0.855341, 0.988032, 0.753488, 0.988032, 0.794849, 0.988032, 0.849963, 0.988032, 0.845677, 0.989843, 0.882254, 0.988032, 0.988144, 0.776031, 0.887675, 0.988032, 0.859026, 0.988032, 0.984577, 0.776031, 
146.0, 0.935839, 0.570323, 0.989625, 0.683413, 0.988032, 0.733748, 0.987666, 0.764443, 0.988032, 0.741339, 0.988032, 0.791279, 0.988032, 0.833511, 0.988032, 0.818318, 0.988032, 0.855341, 0.988032, 0.753488, 0.988032, 0.794849, 0.988032, 0.849963, 0.988032, 0.845677, 0.989843, 0.882254, 0.988032, 0.988144, 0.776031, 0.887675, 0.988032, 0.859026, 0.988032, 0.984577, 0.776031, 
149.0, 0.934708, 0.570323, 0.989625, 0.683413, 0.988032, 0.733748, 0.987666, 0.754250, 0.988032, 0.741339, 0.988032, 0.783121, 0.988032, 0.828397, 0.988032, 0.812751, 0.988032, 0.851107, 0.988032, 0.743828, 0.988032, 0.786209, 0.988032, 0.845536, 0.988032, 0.840256, 0.989843, 0.879489, 0.988032, 0.988144, 0.763098, 0.885282, 0.988032, 0.855534, 0.988032, 0.984577, 0.763098, 
150.0, 0.934708, 0.570323, 0.989625, 0.683413, 0.988032, 0.733748, 0.987666, 0.754250, 0.988032, 0.741339, 0.988032, 0.783121, 0.988032, 0.828397, 0.988032, 0.812751, 0.988032, 0.851107, 0.988032, 0.743828, 0.988032, 0.786209, 0.988032, 0.845536, 0.988032, 0.840256, 0.989843, 0.879489, 0.988032, 0.988144, 0.763098, 0.885282, 0.988032, 0.855534, 0.988032, 0.984577, 0.763098, 
151.0, 0.932442, 0.536774, 0.989625, 0.665890, 0.988032, 0.720875, 0.987666, 0.744058, 0.988032, 0.727610, 0.988032, 0.774964, 0.988032, 0.823283, 0.988032, 0.807184, 0.988032, 0.846873, 0.988032, 0.734167, 0.988032, 0.768930, 0.988032, 0.836682, 0.988032, 0.829414, 0.989843, 0.873957, 0.988032, 0.988144, 0.750164, 0.880497, 0.988032, 0.848550, 0.988032, 0.984577, 0.750164, 
152.0, 0.932442, 0.536774, 0.989625, 0.665890, 0.988032, 0.720875, 0.987666, 0.744058, 0.988032, 0.727610, 0.988032, 0.774964, 0.988032, 0.823283, 0.988032, 0.807184, 0.988032, 0.846873, 0.988032, 0.734167, 0.988032, 0.768930, 0.988032, 0.836682, 0.988032, 0.829414, 0.989843, 0.873957, 0.988032, 0.988144, 0.750164, 0.880497, 0.988032, 0.848550, 0.988032, 0.984577, 0.750164, 
153.0, 0.932442, 0.536774, 0.989625, 0.665890, 0.988032, 0.720875, 0.987666, 0.744058, 0.988032, 0.727610, 0.988032, 0.774964, 0.988032, 0.823283, 0.988032, 0.807184, 0.988032, 0.846873, 0.988032, 0.734167, 0.988032, 0.768930, 0.988032, 0.836682, 0.988032, 0.829414, 0.989843, 0.873957, 0.988032, 0.988144, 0.750164, 0.880497, 0.988032, 0.848550, 0.988032, 0.984577, 0.750164, 
154.0, 0.932442, 0.536774, 0.989625, 0.665890, 0.988032, 0.720875, 0.987666, 0.744058, 0.988032, 0.727610, 0.988032, 0.774964, 0.988032, 0.823283, 0.988032, 0.807184, 0.988032, 0.846873, 0.988032, 0.734167, 0.988032, 0.768930, 0.988032, 0.836682, 0.988032, 0.829414, 0.989843, 0.873957, 0.988032, 0.988144, 0.750164, 0.880497, 0.988032, 0.848550, 0.988032, 0.984577, 0.750164, 
155.0, 0.932442, 0.536774, 0.989625, 0.665890, 0.988032, 0.720875, 0.987666, 0.744058, 0.988032, 0.727610, 0.988032, 0.774964, 0.988032, 0.823283, 0.988032, 0.807184, 0.988032, 0.846873, 0.988032, 0.734167, 0.988032, 0.768930, 0.988032, 0.836682, 0.988032, 0.829414, 0.989843, 0.873957, 0.988032, 0.988144, 0.750164, 0.880497, 0.988032, 0.848550, 0.988032, 0.984577, 0.750164, 
158.0, 0.932442, 0.536774, 0.989625, 0.665890, 0.988032, 0.720875, 0.987666, 0.744058, 0.988032, 0.727610, 0.988032, 0.774964, 0.988032, 0.823283, 0.988032, 0.807184, 0.988032, 0.846873, 0.988032, 0.734167, 0.988032, 0.768930, 0.988032, 0.836682, 0.988032, 0.829414, 0.989843, 0.873957, 0.988032, 0.988144, 0.750164, 0.880497, 0.988032, 0.848550, 0.988032, 0.984577, 0.750164, 
159.0, 0.932442, 0.536774, 0.989625, 0.665890, 0.988032, 0.720875, 0.987666, 0.744058, 0.988032, 0.727610, 0.988032, 0.774964, 0.988032, 0.823283, 0.988032, 0.807184, 0.988032, 0.846873, 0.988032, 0.734167, 0.988032, 0.768930, 0.988032, 0.836682, 0.988032, 0.829414, 0.989843, 0.873957, 0.988032, 0.988144, 0.750164, 0.880497, 0.988032, 0.848550, 0.988032, 0.984577, 0.750164, 
160.0, 0.932442, 0.536774, 0.989625, 0.665890, 0.988032, 0.720875, 0.987666, 0.744058, 0.988032, 0.727610, 0.988032, 0.774964, 0.988032, 0.823283, 0.988032, 0.807184, 0.988032, 0.846873, 0.988032, 0.734167, 0.988032, 0.768930, 0.988032, 0.836682, 0.988032, 0.829414, 0.989843, 0.873957, 0.988032, 0.988144, 0.750164, 0.880497, 0.988032, 0.848550, 0.988032, 0.984577, 0.750164, 
161.0, 0.932442, 0.536774, 0.989625, 0.665890, 0.988032, 0.720875, 0.987666, 0.744058, 0.988032, 0.727610, 0.988032, 0.774964, 0.988032, 0.823283, 0.988032, 0.807184, 0.988032, 0.846873, 0.988032, 0.734167, 0.988032, 0.768930, 0.988032, 0.836682, 0.988032, 0.829414, 0.989843, 0.873957, 0.988032, 0.988144, 0.750164, 0.880497, 0.988032, 0.848550, 0.988032, 0.984577, 0.750164, 
166.0, 0.932442, 0.536774, 0.989625, 0.665890, 0.988032, 0.720875, 0.987666, 0.744058, 0.988032, 0.727610, 0.988032, 0.774964, 0.988032, 0.823283, 0.988032, 0.807184, 0.988032, 0.846873, 0.988032, 0.734167, 0.988032, 0.768930, 0.988032, 0.836682, 0.988032, 0.829414, 0.989843, 0.873957, 0.988032, 0.988144, 0.750164, 0.880497, 0.988032, 0.848550, 0.988032, 0.984577, 0.750164, 
167.0, 0.931272, 0.536774, 0.989625, 0.665890, 0.988032, 0.720875, 0.987666, 0.744058, 0.988032, 0.727610, 0.988032, 0.774964, 0.988032, 0.823283, 0.988032, 0.807184, 0.988032, 0.846873, 0.988032, 0.734167, 0.988032, 0.759776, 0.988032, 0.832110, 0.988032, 0.823772, 0.989843, 0.871129, 0.988032, 0.988144, 0.750164, 0.878044, 0.988032, 0.844970, 0.988032, 0.984577, 0.750164, 
168.0, 0.931272, 0.536774, 0.989625, 0.665890, 0.988032, 0.720875, 0.987666, 0.744058, 0.988032, 0.727610, 0.988032, 0.774964, 0.988032, 0.823283, 0.988032, 0.807184, 0.988032, 0.846873, 0.988032, 0.734167, 0.988032, 0.759776, 0.988032, 0.832110, 0.988032, 0.823772, 0.989843, 0.871129, 0.988032, 0.988144, 0.750164, 0.878044, 0.988032, 0.844970, 0.988032, 0.984577, 0.750164, 
169.0, 0.930094, 0.536774, 0.989625, 0.647893, 0.988032, 0.708003, 0.987666, 0.733724, 0.988032, 0.713343, 0.988032, 0.766448, 0.988032, 0.818006, 0.988032, 0.801419, 0.988032, 0.842507, 0.988032, 0.723827, 0.988032, 0.750622, 0.988032, 0.827513, 0.988032, 0.818129, 0.989843, 0.868282, 0.988032, 0.988144, 0.736524, 0.875578, 0.988032, 0.841374, 0.988032, 0.984577, 0.736524, 
170.0, 0.930094, 0.536774, 0.989625, 0.647893, 0.988032, 0.708003, 0.987666, 0.733724, 0.988032, 0.713343, 0.988032, 0.766448, 0.988032, 0.818006, 0.988032, 0.801419, 0.988032, 0.842507, 0.988032, 0.723827, 0.988032, 0.750622, 0.988032, 0.827513, 0.988032, 0.818129, 0.989843, 0.868282, 0.988032, 0.988144, 0.736524, 0.875578, 0.988032, 0.841374, 0.988032, 0.984577, 0.736524, 
171.0, 0.928913, 0.536774, 0.989625, 0.647893, 0.988032, 0.708003, 0.987666, 0.733724, 0.988032, 0.713343, 0.988032, 0.766448, 0.988032, 0.818006, 0.988032, 0.801419, 0.988032, 0.842507, 0.988032, 0.723827, 0.988032, 0.750622, 0.988032, 0.827513, 0.988032, 0.812487, 0.989843, 0.865435, 0.988032, 0.988144, 0.736524, 0.873104, 0.988032, 0.841374, 0.988032, 0.984577, 0.736524, 
172.0, 0.928913, 0.536774, 0.989625, 0.647893, 0.988032, 0.708003, 0.987666, 0.733724, 0.988032, 0.713343, 0.988032, 0.766448, 0.988032, 0.818006, 0.988032, 0.801419, 0.988032, 0.842507, 0.988032, 0.723827, 0.988032, 0.750622, 0.988032, 0.827513, 0.988032, 0.812487, 0.989843, 0.865435, 0.988032, 0.988144, 0.736524, 0.873104, 0.988032, 0.841374, 0.988032, 0.984577, 0.736524, 
173.0, 0.928913, 0.536774, 0.989625, 0.647893, 0.988032, 0.708003, 0.987666, 0.733724, 0.988032, 0.713343, 0.988032, 0.766448, 0.988032, 0.818006, 0.988032, 0.801419, 0.988032, 0.842507, 0.988032, 0.723827, 0.988032, 0.750622, 0.988032, 0.827513, 0.988032, 0.812487, 0.989843, 0.865435, 0.988032, 0.988144, 0.736524, 0.873104, 0.988032, 0.841374, 0.988032, 0.984577, 0.736524, 
174.0, 0.927724, 0.536774, 0.989625, 0.647893, 0.988032, 0.708003, 0.987666, 0.733724, 0.988032, 0.699076, 0.988032, 0.757836, 0.988032, 0.812660, 0.988032, 0.795569, 0.988032, 0.838073, 0.988032, 0.713337, 0.988032, 0.750622, 0.988032, 0.822838, 0.988032, 0.812487, 0.989843, 0.862560, 0.988032, 0.988144, 0.736524, 0.870610, 0.988032, 0.837716, 0.988032, 0.984577, 0.736524, 
175.0, 0.927724, 0.536774, 0.989625, 0.647893, 0.988032, 0.708003, 0.987666, 0.733724, 0.988032, 0.699076, 0.988032, 0.757836, 0.988032, 0.812660, 0.988032, 0.795569, 0.988032, 0.838073, 0.988032, 0.713337, 0.988032, 0.750622, 0.988032, 0.822838, 0.988032, 0.812487, 0.989843, 0.862560, 0.988032, 0.988144, 0.736524, 0.870610, 0.988032, 0.837716, 0.988032, 0.984577, 0.736524, 
178.0, 0.927724, 0.536774, 0.989625, 0.647893, 0.988032, 0.708003, 0.987666, 0.733724, 0.988032, 0.699076, 0.988032, 0.757836, 0.988032, 0.812660, 0.988032, 0.795569, 0.988032, 0.838073, 0.988032, 0.713337, 0.988032, 0.750622, 0.988032, 0.822838, 0.988032, 0.812487, 0.989843, 0.862560, 0.988032, 0.988144, 0.736524, 0.870610, 0.988032, 0.837716, 0.988032, 0.984577, 0.736524, 
179.0, 0.927724, 0.536774, 0.989625, 0.647893, 0.988032, 0.708003, 0.987666, 0.733724, 0.988032, 0.699076, 0.988032, 0.757836, 0.988032, 0.812660, 0.988032, 0.795569, 0.988032, 0.838073, 0.988032, 0.713337, 0.988032, 0.750622, 0.988032, 0.822838, 0.988032, 0.812487, 0.989843, 0.862560, 0.988032, 0.988144, 0.736524, 0.870610, 0.988032, 0.837716, 0.988032, 0.984577, 0.736524, 
180.0, 0.927724, 0.536774, 0.989625, 0.647893, 0.988032, 0.708003, 0.987666, 0.733724, 0.988032, 0.699076, 0.988032, 0.757836, 0.988032, 0.812660, 0.988032, 0.795569, 0.988032, 0.838073, 0.988032, 0.713337, 0.988032, 0.750622, 0.988032, 0.822838, 0.988032, 0.812487, 0.989843, 0.862560, 0.988032, 0.988144, 0.736524, 0.870610, 0.988032, 0.837716, 0.988032, 0.984577, 0.736524, 
181.0, 0.926510, 0.536774, 0.986412, 0.647893, 0.985092, 0.708003, 0.984646, 0.733724, 0.985092, 0.699076, 0.985092, 0.757836, 0.985092, 0.812660, 0.985092, 0.795569, 0.985092, 0.838073, 0.985092, 0.713337, 0.985092, 0.750622, 0.985092, 0.822838, 0.985092, 0.812487, 0.986731, 0.862560, 0.985092, 0.985203, 0.736524, 0.870610, 0.985092, 0.837716, 0.985092, 0.981850, 0.736524, 
182.0, 0.926510, 0.536774, 0.986412, 0.647893, 0.985092, 0.708003, 0.984646, 0.733724, 0.985092, 0.699076, 0.985092, 0.757836, 0.985092, 0.812660, 0.985092, 0.795569, 0.985092, 0.838073, 0.985092, 0.713337, 0.985092, 0.750622, 0.985092, 0.822838, 0.985092, 0.812487, 0.986731, 0.862560, 0.985092, 0.985203, 0.736524, 0.870610, 0.985092, 0.837716, 0.985092, 0.981850, 0.736524, 
184.0, 0.925284, 0.536774, 0.986412, 0.647893, 0.985092, 0.708003, 0.984646, 0.733724, 0.985092, 0.699076, 0.985092, 0.757836, 0.985092, 0.812660, 0.985092, 0.795569, 0.985092, 0.838073, 0.985092, 0.713337, 0.985092, 0.750622, 0.985092, 0.822838, 0.985092, 0.812487, 0.986731, 0.862560, 0.985092, 0.982227, 0.736524, 0.870610, 0.985092, 0.837716, 0.985092, 0.979092, 0.736524, 
185.0, 0.925284, 0.536774, 0.986412, 0.647893, 0.985092, 0.708003, 0.984646, 0.733724, 0.985092, 0.699076, 0.985092, 0.757836, 0.985092, 0.812660, 0.985092, 0.795569, 0.985092, 0.838073, 0.985092, 0.713337, 0.985092, 0.750622, 0.985092, 0.822838, 0.985092, 0.812487, 0.986731, 0.862560, 0.985092, 0.982227, 0.736524, 0.870610, 0.985092, 0.837716, 0.985092, 0.979092, 0.736524, 
186.0, 0.924057, 0.536774, 0.986412, 0.647893, 0.985092, 0.708003, 0.984646, 0.733724, 0.985092, 0.699076, 0.985092, 0.757836, 0.985092, 0.812660, 0.985092, 0.795569, 0.985092, 0.838073, 0.985092, 0.713337, 0.985092, 0.741120, 0.985092, 0.818054, 0.985092, 0.806683, 0.986731, 0.859636, 0.985092, 0.982227, 0.736524, 0.868071, 0.985092, 0.833993, 0.985092, 0.979092, 0.736524, 
187.0, 0.924057, 0.536774, 0.986412, 0.647893, 0.985092, 0.708003, 0.984646, 0.733724, 0.985092, 0.699076, 0.985092, 0.757836, 0.985092, 0.812660, 0.985092, 0.795569, 0.985092, 0.838073, 0.985092, 0.713337, 0.985092, 0.741120, 0.985092, 0.818054, 0.985092, 0.806683, 0.986731, 0.859636, 0.985092, 0.982227, 0.736524, 0.868071, 0.985092, 0.833993, 0.985092, 0.979092, 0.736524, 
189.0, 0.924057, 0.536774, 0.986412, 0.647893, 0.985092, 0.708003, 0.984646, 0.733724, 0.985092, 0.699076, 0.985092, 0.757836, 0.985092, 0.812660, 0.985092, 0.795569, 0.985092, 0.838073, 0.985092, 0.713337, 0.985092, 0.741120, 0.985092, 0.818054, 0.985092, 0.806683, 0.986731, 0.859636, 0.985092, 0.982227, 0.736524, 0.868071, 0.985092, 0.833993, 0.985092, 0.979092, 0.736524, 
190.0, 0.922805, 0.536774, 0.986412, 0.647893, 0.985092, 0.708003, 0.984646, 0.733724, 0.985092, 0.699076, 0.985092, 0.757836, 0.985092, 0.812660, 0.985092, 0.789632, 0.985092, 0.833591, 0.985092, 0.713337, 0.985092, 0.731619, 0.985092, 0.813270, 0.985092, 0.800838, 0.986731, 0.856692, 0.985092, 0.982227, 0.736524, 0.865518, 0.985092, 0.830270, 0.985092, 0.979092, 0.736524, 
192.0, 0.922805, 0.536774, 0.986412, 0.647893, 0.985092, 0.708003, 0.984646, 0.733724, 0.985092, 0.699076, 0.985092, 0.757836, 0.985092, 0.812660, 0.985092, 0.789632, 0.985092, 0.833591, 0.985092, 0.713337, 0.985092, 0.731619, 0.985092, 0.813270, 0.985092, 0.800838, 0.986731, 0.856692, 0.985092, 0.982227, 0.736524, 0.865518, 0.985092, 0.830270, 0.985092, 0.979092, 0.736524, 
193.0, 0.922805, 0.536774, 0.986412, 0.647893, 0.985092, 0.708003, 0.984646, 0.733724, 0.985092, 0.699076, 0.985092, 0.757836, 0.985092, 0.812660, 0.985092, 0.789632, 0.985092, 0.833591, 0.985092, 0.713337, 0.985092, 0.731619, 0.985092, 0.813270, 0.985092, 0.800838, 0.986731, 0.856692, 0.985092, 0.982227, 0.736524, 0.865518, 0.985092, 0.830270, 0.985092, 0.979092, 0.736524, 
194.0, 0.921544, 0.503226, 0.986412, 0.629381, 0.985092, 0.708003, 0.984646, 0.723242, 0.985092, 0.699076, 0.985092, 0.749125, 0.985092, 0.807169, 0.985092, 0.783604, 0.985092, 0.829061, 0.985092, 0.702529, 0.985092, 0.721992, 0.985092, 0.808429, 0.985092, 0.800838, 0.986731, 0.853728, 0.985092, 0.982227, 0.722360, 0.862950, 0.985092, 0.826513, 0.985092, 0.979092, 0.722360, 
196.0, 0.921544, 0.503226, 0.986412, 0.629381, 0.985092, 0.708003, 0.984646, 0.723242, 0.985092, 0.699076, 0.985092, 0.749125, 0.985092, 0.807169, 0.985092, 0.783604, 0.985092, 0.829061, 0.985092, 0.702529, 0.985092, 0.721992, 0.985092, 0.808429, 0.985092, 0.800838, 0.986731, 0.853728, 0.985092, 0.982227, 0.722360, 0.862950, 0.985092, 0.826513, 0.985092, 0.979092, 0.722360, 
197.0, 0.920264, 0.503226, 0.986412, 0.629381, 0.985092, 0.708003, 0.984646, 0.723242, 0.985092, 0.699076, 0.985092, 0.749125, 0.985092, 0.807169, 0.985092, 0.783604, 0.985092, 0.829061, 0.985092, 0.702529, 0.985092, 0.721992, 0.985092, 0.808429, 0.985092, 0.800838, 0.986731, 0.853728, 0.985092, 0.982227, 0.722360, 0.862950, 0.985092, 0.826513, 0.985092, 0.979092, 0.722360, 
199.0, 0.920264, 0.503226, 0.986412, 0.629381, 0.985092, 0.708003, 0.984646, 0.723242, 0.985092, 0.699076, 0.985092, 0.749125, 0.985092, 0.807169, 0.985092, 0.783604, 0.985092, 0.829061, 0.985092, 0.702529, 0.985092, 0.721992, 0.985092, 0.808429, 0.985092, 0.800838, 0.986731, 0.853728, 0.985092, 0.982227, 0.722360, 0.862950, 0.985092, 0.826513, 0.985092, 0.979092, 0.722360, 
200.0, 0.920264, 0.503226, 0.986412, 0.629381, 0.985092, 0.708003, 0.984646, 0.723242, 0.985092, 0.699076, 0.985092, 0.749125, 0.985092, 0.807169, 0.985092, 0.783604, 0.985092, 0.829061, 0.985092, 0.702529, 0.985092, 0.721992, 0.985092, 0.808429, 0.985092, 0.800838, 0.986731, 0.853728, 0.985092, 0.982227, 0.722360, 0.862950, 0.985092, 0.826513, 0.985092, 0.979092, 0.722360, 
201.0, 0.920264, 0.503226, 0.986412, 0.629381, 0.985092, 0.708003, 0.984646, 0.723242, 0.985092, 0.699076, 0.985092, 0.749125, 0.985092, 0.807169, 0.985092, 0.783604, 0.985092, 0.829061, 0.985092, 0.702529, 0.985092, 0.721992, 0.985092, 0.808429, 0.985092, 0.800838, 0.986731, 0.853728, 0.985092, 0.982227, 0.722360, 0.862950, 0.985092, 0.826513, 0.985092, 0.979092, 0.722360, 
202.0, 0.920264, 0.503226, 0.986412, 0.629381, 0.985092, 0.708003, 0.984646, 0.723242, 0.985092, 0.699076, 0.985092, 0.749125, 0.985092, 0.807169, 0.985092, 0.783604, 0.985092, 0.829061, 0.985092, 0.702529, 0.985092, 0.721992, 0.985092, 0.808429, 0.985092, 0.800838, 0.986731, 0.853728, 0.985092, 0.982227, 0.722360, 0.862950, 0.985092, 0.826513, 0.985092, 0.979092, 0.722360, 
203.0, 0.918961, 0.503226, 0.986412, 0.610870, 0.985092, 0.694387, 0.984646, 0.712606, 0.985092, 0.699076, 0.985092, 0.740415, 0.985092, 0.801640, 0.985092, 0.777530, 0.985092, 0.824531, 0.985092, 0.702529, 0.985092, 0.711965, 0.985092, 0.803439, 0.985092, 0.794817, 0.986731, 0.850690, 0.985092, 0.982227, 0.707913, 0.860327, 0.985092, 0.822632, 0.985092, 0.979092, 0.707913, 
205.0, 0.918961, 0.503226, 0.986412, 0.610870, 0.985092, 0.694387, 0.984646, 0.712606, 0.985092, 0.699076, 0.985092, 0.740415, 0.985092, 0.801640, 0.985092, 0.777530, 0.985092, 0.824531, 0.985092, 0.702529, 0.985092, 0.711965, 0.985092, 0.803439, 0.985092, 0.794817, 0.986731, 0.850690, 0.985092, 0.982227, 0.707913, 0.860327, 0.985092, 0.822632, 0.985092, 0.979092, 0.707913, 
206.0, 0.917648, 0.503226, 0.986412, 0.610870, 0.985092, 0.694387, 0.984646, 0.712606, 0.985092, 0.684512, 0.985092, 0.731704, 0.985092, 0.796111, 0.985092, 0.771455, 0.985092, 0.820000, 0.985092, 0.691377, 0.985092, 0.701937, 0.985092, 0.798449, 0.985092, 0.788749, 0.986731, 0.847641, 0.985092, 0.982227, 0.707913, 0.857688, 0.985092, 0.818752, 0.985092, 0.979092, 0.707913, 
208.0, 0.917648, 0.503226, 0.986412, 0.610870, 0.985092, 0.694387, 0.984646, 0.712606, 0.985092, 0.684512, 0.985092, 0.731704, 0.985092, 0.796111, 0.985092, 0.771455, 0.985092, 0.820000, 0.985092, 0.691377, 0.985092, 0.701937, 0.985092, 0.798449, 0.985092, 0.788749, 0.986731, 0.847641, 0.985092, 0.982227, 0.707913, 0.857688, 0.985092, 0.818752, 0.985092, 0.979092, 0.707913, 
210.0, 0.917648, 0.503226, 0.986412, 0.610870, 0.985092, 0.694387, 0.984646, 0.712606, 0.985092, 0.684512, 0.985092, 0.731704, 0.985092, 0.796111, 0.985092, 0.771455, 0.985092, 0.820000, 0.985092, 0.691377, 0.985092, 0.701937, 0.985092, 0.798449, 0.985092, 0.788749, 0.986731, 0.847641, 0.985092, 0.982227, 0.707913, 0.857688, 0.985092, 0.818752, 0.985092, 0.979092, 0.707913, 
213.0, 0.917648, 0.503226, 0.986412, 0.610870, 0.985092, 0.694387, 0.984646, 0.712606, 0.985092, 0.684512, 0.985092, 0.731704, 0.985092, 0.796111, 0.985092, 0.771455, 0.985092, 0.820000, 0.985092, 0.691377, 0.985092, 0.701937, 0.985092, 0.798449, 0.985092, 0.788749, 0.986731, 0.847641, 0.985092, 0.982227, 0.707913, 0.857688, 0.985092, 0.818752, 0.985092, 0.979092, 0.707913, 
214.0, 0.917648, 0.503226, 0.986412, 0.610870, 0.985092, 0.694387, 0.984646, 0.712606, 0.985092, 0.684512, 0.985092, 0.731704, 0.985092, 0.796111, 0.985092, 0.771455, 0.985092, 0.820000, 0.985092, 0.691377, 0.985092, 0.701937, 0.985092, 0.798449, 0.985092, 0.788749, 0.986731, 0.847641, 0.985092, 0.982227, 0.707913, 0.857688, 0.985092, 0.818752, 0.985092, 0.979092, 0.707913, 
215.0, 0.917648, 0.503226, 0.986412, 0.610870, 0.985092, 0.694387, 0.984646, 0.712606, 0.985092, 0.684512, 0.985092, 0.731704, 0.985092, 0.796111, 0.985092, 0.771455, 0.985092, 0.820000, 0.985092, 0.691377, 0.985092, 0.701937, 0.985092, 0.798449, 0.985092, 0.788749, 0.986731, 0.847641, 0.985092, 0.982227, 0.707913, 0.857688, 0.985092, 0.818752, 0.985092, 0.979092, 0.707913, 
216.0, 0.917648, 0.503226, 0.986412, 0.610870, 0.985092, 0.694387, 0.984646, 0.712606, 0.985092, 0.684512, 0.985092, 0.731704, 0.985092, 0.796111, 0.985092, 0.771455, 0.985092, 0.820000, 0.985092, 0.691377, 0.985092, 0.701937, 0.985092, 0.798449, 0.985092, 0.788749, 0.986731, 0.847641, 0.985092, 0.982227, 0.707913, 0.857688, 0.985092, 0.818752, 0.985092, 0.979092, 0.707913, 
217.0, 0.917648, 0.503226, 0.986412, 0.610870, 0.985092, 0.694387, 0.984646, 0.712606, 0.985092, 0.684512, 0.985092, 0.731704, 0.985092, 0.796111, 0.985092, 0.771455, 0.985092, 0.820000, 0.985092, 0.691377, 0.985092, 0.701937, 0.985092, 0.798449, 0.985092, 0.788749, 0.986731, 0.847641, 0.985092, 0.982227, 0.707913, 0.857688, 0.985092, 0.818752, 0.985092, 0.979092, 0.707913, 
220.0, 0.917648, 0.503226, 0.986412, 0.610870, 0.985092, 0.694387, 0.984646, 0.712606, 0.985092, 0.684512, 0.985092, 0.731704, 0.985092, 0.796111, 0.985092, 0.771455, 0.985092, 0.820000, 0.985092, 0.691377, 0.985092, 0.701937, 0.985092, 0.798449, 0.985092, 0.788749, 0.986731, 0.847641, 0.985092, 0.982227, 0.707913, 0.857688, 0.985092, 0.818752, 0.985092, 0.979092, 0.707913, 
221.0, 0.917648, 0.503226, 0.986412, 0.610870, 0.985092, 0.694387, 0.984646, 0.712606, 0.985092, 0.684512, 0.985092, 0.731704, 0.985092, 0.796111, 0.985092, 0.771455, 0.985092, 0.820000, 0.985092, 0.691377, 0.985092, 0.701937, 0.985092, 0.798449, 0.985092, 0.788749, 0.986731, 0.847641, 0.985092, 0.982227, 0.707913, 0.857688, 0.985092, 0.818752, 0.985092, 0.979092, 0.707913, 
222.0, 0.917648, 0.503226, 0.986412, 0.610870, 0.985092, 0.694387, 0.984646, 0.712606, 0.985092, 0.684512, 0.985092, 0.731704, 0.985092, 0.796111, 0.985092, 0.771455, 0.985092, 0.820000, 0.985092, 0.691377, 0.985092, 0.701937, 0.985092, 0.798449, 0.985092, 0.788749, 0.986731, 0.847641, 0.985092, 0.982227, 0.707913, 0.857688, 0.985092, 0.818752, 0.985092, 0.979092, 0.707913, 
223.0, 0.917648, 0.503226, 0.986412, 0.610870, 0.985092, 0.694387, 0.984646, 0.712606, 0.985092, 0.684512, 0.985092, 0.731704, 0.985092, 0.796111, 0.985092, 0.771455, 0.985092, 0.820000, 0.985092, 0.691377, 0.985092, 0.701937, 0.985092, 0.798449, 0.985092, 0.788749, 0.986731, 0.847641, 0.985092, 0.982227, 0.707913, 0.857688, 0.985092, 0.818752, 0.985092, 0.979092, 0.707913, 
224.0, 0.917648, 0.503226, 0.986412, 0.610870, 0.985092, 0.694387, 0.984646, 0.712606, 0.985092, 0.684512, 0.985092, 0.731704, 0.985092, 0.796111, 0.985092, 0.771455, 0.985092, 0.820000, 0.985092, 0.691377, 0.985092, 0.701937, 0.985092, 0.798449, 0.985092, 0.788749, 0.986731, 0.847641, 0.985092, 0.982227, 0.707913, 0.857688, 0.985092, 0.818752, 0.985092, 0.979092, 0.707913, 
226.0, 0.916234, 0.503226, 0.986412, 0.610870, 0.985092, 0.694387, 0.984646, 0.712606, 0.985092, 0.684512, 0.985092, 0.731704, 0.985092, 0.796111, 0.985092, 0.771455, 0.985092, 0.820000, 0.985092, 0.679248, 0.985092, 0.701937, 0.985092, 0.793054, 0.985092, 0.788749, 0.986731, 0.844316, 0.985092, 0.982227, 0.707913, 0.854820, 0.985092, 0.814553, 0.985092, 0.979092, 0.707913, 
227.0, 0.916234, 0.503226, 0.986412, 0.610870, 0.985092, 0.694387, 0.984646, 0.712606, 0.985092, 0.684512, 0.985092, 0.731704, 0.985092, 0.796111, 0.985092, 0.771455, 0.985092, 0.820000, 0.985092, 0.679248, 0.985092, 0.701937, 0.985092, 0.793054, 0.985092, 0.788749, 0.986731, 0.844316, 0.985092, 0.982227, 0.707913, 0.854820, 0.985092, 0.814553, 0.985092, 0.979092, 0.707913, 
228.0, 0.916234, 0.503226, 0.986412, 0.610870, 0.985092, 0.694387, 0.984646, 0.712606, 0.985092, 0.684512, 0.985092, 0.731704, 0.985092, 0.796111, 0.985092, 0.771455, 0.985092, 0.820000, 0.985092, 0.679248, 0.985092, 0.701937, 0.985092, 0.793054, 0.985092, 0.788749, 0.986731, 0.844316, 0.985092, 0.982227, 0.707913, 0.854820, 0.985092, 0.814553, 0.985092, 0.979092, 0.707913, 
229.0, 0.916234, 0.503226, 0.986412, 0.610870, 0.985092, 0.694387, 0.984646, 0.712606, 0.985092, 0.684512, 0.985092, 0.731704, 0.985092, 0.796111, 0.985092, 0.771455, 0.985092, 0.820000, 0.985092, 0.679248, 0.985092, 0.701937, 0.985092, 0.793054, 0.985092, 0.788749, 0.986731, 0.844316, 0.985092, 0.982227, 0.707913, 0.854820, 0.985092, 0.814553, 0.985092, 0.979092, 0.707913, 
230.0, 0.916234, 0.503226, 0.986412, 0.610870, 0.985092, 0.694387, 0.984646, 0.712606, 0.985092, 0.684512, 0.985092, 0.731704, 0.985092, 0.796111, 0.985092, 0.771455, 0.985092, 0.820000, 0.985092, 0.679248, 0.985092, 0.701937, 0.985092, 0.793054, 0.985092, 0.788749, 0.986731, 0.844316, 0.985092, 0.982227, 0.707913, 0.854820, 0.985092, 0.814553, 0.985092, 0.979092, 0.707913, 
231.0, 0.916234, 0.503226, 0.986412, 0.610870, 0.985092, 0.694387, 0.984646, 0.712606, 0.985092, 0.684512, 0.985092, 0.731704, 0.985092, 0.796111, 0.985092, 0.771455, 0.985092, 0.820000, 0.985092, 0.679248, 0.985092, 0.701937, 0.985092, 0.793054, 0.985092, 0.788749, 0.986731, 0.844316, 0.985092, 0.982227, 0.707913, 0.854820, 0.985092, 0.814553, 0.985092, 0.979092, 0.707913, 
233.0, 0.913278, 0.503226, 0.982353, 0.610870, 0.981388, 0.679292, 0.984646, 0.700729, 0.981388, 0.684512, 0.981388, 0.731704, 0.981388, 0.789940, 0.981388, 0.771455, 0.981388, 0.815000, 0.981388, 0.679248, 0.981388, 0.701937, 0.981388, 0.793054, 0.981388, 0.782008, 0.986731, 0.840898, 0.981388, 0.978478, 0.691824, 0.851862, 0.981388, 0.814553, 0.981388, 0.975645, 0.691824, 
234.0, 0.913278, 0.503226, 0.982353, 0.610870, 0.981388, 0.679292, 0.984646, 0.700729, 0.981388, 0.684512, 0.981388, 0.731704, 0.981388, 0.789940, 0.981388, 0.771455, 0.981388, 0.815000, 0.981388, 0.679248, 0.981388, 0.701937, 0.981388, 0.793054, 0.981388, 0.782008, 0.986731, 0.840898, 0.981388, 0.978478, 0.691824, 0.851862, 0.981388, 0.814553, 0.981388, 0.975645, 0.691824, 
235.0, 0.913278, 0.503226, 0.982353, 0.610870, 0.981388, 0.679292, 0.984646, 0.700729, 0.981388, 0.684512, 0.981388, 0.731704, 0.981388, 0.789940, 0.981388, 0.771455, 0.981388, 0.815000, 0.981388, 0.679248, 0.981388, 0.701937, 0.981388, 0.793054, 0.981388, 0.782008, 0.986731, 0.840898, 0.981388, 0.978478, 0.691824, 0.851862, 0.981388, 0.814553, 0.981388, 0.975645, 0.691824, 
236.0, 0.913278, 0.503226, 0.982353, 0.610870, 0.981388, 0.679292, 0.984646, 0.700729, 0.981388, 0.684512, 0.981388, 0.731704, 0.981388, 0.789940, 0.981388, 0.771455, 0.981388, 0.815000, 0.981388, 0.679248, 0.981388, 0.701937, 0.981388, 0.793054, 0.981388, 0.782008, 0.986731, 0.840898, 0.981388, 0.978478, 0.691824, 0.851862, 0.981388, 0.814553, 0.981388, 0.975645, 0.691824, 
237.0, 0.913278, 0.503226, 0.982353, 0.610870, 0.981388, 0.679292, 0.984646, 0.700729, 0.981388, 0.684512, 0.981388, 0.731704, 0.981388, 0.789940, 0.981388, 0.771455, 0.981388, 0.815000, 0.981388, 0.679248, 0.981388, 0.701937, 0.981388, 0.793054, 0.981388, 0.782008, 0.986731, 0.840898, 0.981388, 0.978478, 0.691824, 0.851862, 0.981388, 0.814553, 0.981388, 0.975645, 0.691824, 
238.0, 0.913278, 0.503226, 0.982353, 0.610870, 0.981388, 0.679292, 0.984646, 0.700729, 0.981388, 0.684512, 0.981388, 0.731704, 0.981388, 0.789940, 0.981388, 0.771455, 0.981388, 0.815000, 0.981388, 0.679248, 0.981388, 0.701937, 0.981388, 0.793054, 0.981388, 0.782008, 0.986731, 0.840898, 0.981388, 0.978478, 0.691824, 0.851862, 0.981388, 0.814553, 0.981388, 0.975645, 0.691824, 
241.0, 0.913278, 0.503226, 0.982353, 0.610870, 0.981388, 0.679292, 0.984646, 0.700729, 0.981388, 0.684512, 0.981388, 0.731704, 0.981388, 0.789940, 0.981388, 0.771455, 0.981388, 0.815000, 0.981388, 0.679248, 0.981388, 0.701937, 0.981388, 0.793054, 0.981388, 0.782008, 0.986731, 0.840898, 0.981388, 0.978478, 0.691824, 0.851862, 0.981388, 0.814553, 0.981388, 0.975645, 0.691824, 
242.0, 0.913278, 0.503226, 0.982353, 0.610870, 0.981388, 0.679292, 0.984646, 0.700729, 0.981388, 0.684512, 0.981388, 0.731704, 0.981388, 0.789940, 0.981388, 0.771455, 0.981388, 0.815000, 0.981388, 0.679248, 0.981388, 0.701937, 0.981388, 0.793054, 0.981388, 0.782008, 0.986731, 0.840898, 0.981388, 0.978478, 0.691824, 0.851862, 0.981388, 0.814553, 0.981388, 0.975645, 0.691824, 
243.0, 0.913278, 0.503226, 0.982353, 0.610870, 0.981388, 0.679292, 0.984646, 0.700729, 0.981388, 0.684512, 0.981388, 0.731704, 0.981388, 0.789940, 0.981388, 0.771455, 0.981388, 0.815000, 0.981388, 0.679248, 0.981388, 0.701937, 0.981388, 0.793054, 0.981388, 0.782008, 0.986731, 0.840898, 0.981388, 0.978478, 0.691824, 0.851862, 0.981388, 0.814553, 0.981388, 0.975645, 0.691824, 
244.0, 0.911698, 0.503226, 0.982353, 0.589806, 0.981388, 0.663118, 0.984646, 0.700729, 0.981388, 0.684512, 0.981388, 0.721948, 0.981388, 0.783570, 0.981388, 0.764628, 0.981388, 0.809776, 0.981388, 0.679248, 0.981388, 0.701937, 0.981388, 0.787429, 0.981388, 0.782008, 0.986731, 0.837320, 0.981388, 0.978478, 0.691824, 0.848753, 0.981388, 0.810078, 0.981388, 0.975645, 0.691824, 
245.0, 0.910096, 0.503226, 0.982353, 0.589806, 0.981388, 0.663118, 0.984646, 0.700729, 0.981388, 0.684512, 0.981388, 0.712058, 0.981388, 0.777094, 0.981388, 0.757740, 0.981388, 0.804483, 0.981388, 0.666432, 0.981388, 0.689834, 0.981388, 0.781723, 0.981388, 0.774699, 0.986731, 0.833663, 0.981388, 0.978478, 0.691824, 0.845586, 0.981388, 0.805552, 0.981388, 0.975645, 0.691824, 
248.0, 0.908494, 0.503226, 0.982353, 0.589806, 0.977299, 0.663118, 0.980456, 0.700729, 0.977299, 0.684512, 0.977299, 0.712058, 0.977299, 0.777094, 0.977299, 0.757740, 0.977299, 0.804483, 0.977299, 0.666432, 0.977299, 0.689834, 0.977299, 0.781723, 0.977299, 0.774699, 0.982477, 0.833663, 0.977299, 0.978478, 0.691824, 0.845586, 0.977299, 0.805552, 0.977299, 0.971848, 0.691824, 
249.0, 0.908494, 0.503226, 0.982353, 0.589806, 0.977299, 0.663118, 0.980456, 0.700729, 0.977299, 0.684512, 0.977299, 0.712058, 0.977299, 0.777094, 0.977299, 0.757740, 0.977299, 0.804483, 0.977299, 0.666432, 0.977299, 0.689834, 0.977299, 0.781723, 0.977299, 0.774699, 0.982477, 0.833663, 0.977299, 0.978478, 0.691824, 0.845586, 0.977299, 0.805552, 0.977299, 0.971848, 0.691824, 
250.0, 0.908494, 0.503226, 0.982353, 0.589806, 0.977299, 0.663118, 0.980456, 0.700729, 0.977299, 0.684512, 0.977299, 0.712058, 0.977299, 0.777094, 0.977299, 0.757740, 0.977299, 0.804483, 0.977299, 0.666432, 0.977299, 0.689834, 0.977299, 0.781723, 0.977299, 0.774699, 0.982477, 0.833663, 0.977299, 0.978478, 0.691824, 0.845586, 0.977299, 0.805552, 0.977299, 0.971848, 0.691824, 
251.0, 0.908494, 0.503226, 0.982353, 0.589806, 0.977299, 0.663118, 0.980456, 0.700729, 0.977299, 0.684512, 0.977299, 0.712058, 0.977299, 0.777094, 0.977299, 0.757740, 0.977299, 0.804483, 0.977299, 0.666432, 0.977299, 0.689834, 0.977299, 0.781723, 0.977299, 0.774699, 0.982477, 0.833663, 0.977299, 0.978478, 0.691824, 0.845586, 0.977299, 0.805552, 0.977299, 0.971848, 0.691824, 
252.0, 0.908494, 0.503226, 0.982353, 0.589806, 0.977299, 0.663118, 0.980456, 0.700729, 0.977299, 0.684512, 0.977299, 0.712058, 0.977299, 0.777094, 0.977299, 0.757740, 0.977299, 0.804483, 0.977299, 0.666432, 0.977299, 0.689834, 0.977299, 0.781723, 0.977299, 0.774699, 0.982477, 0.833663, 0.977299, 0.978478, 0.691824, 0.845586, 0.977299, 0.805552, 0.977299, 0.971848, 0.691824, 
255.0, 0.908494, 0.503226, 0.982353, 0.589806, 0.977299, 0.663118, 0.980456, 0.700729, 0.977299, 0.684512, 0.977299, 0.712058, 0.977299, 0.777094, 0.977299, 0.757740, 0.977299, 0.804483, 0.977299, 0.666432, 0.977299, 0.689834, 0.977299, 0.781723, 0.977299, 0.774699, 0.982477, 0.833663, 0.977299, 0.978478, 0.691824, 0.845586, 0.977299, 0.805552, 0.977299, 0.971848, 0.691824, 
256.0, 0.908494, 0.503226, 0.982353, 0.589806, 0.977299, 0.663118, 0.980456, 0.700729, 0.977299, 0.684512, 0.977299, 0.712058, 0.977299, 0.777094, 0.977299, 0.757740, 0.977299, 0.804483, 0.977299, 0.666432, 0.977299, 0.689834, 0.977299, 0.781723, 0.977299, 0.774699, 0.982477, 0.833663, 0.977299, 0.978478, 0.691824, 0.845586, 0.977299, 0.805552, 0.977299, 0.971848, 0.691824, 
257.0, 0.908494, 0.503226, 0.982353, 0.589806, 0.977299, 0.663118, 0.980456, 0.700729, 0.977299, 0.684512, 0.977299, 0.712058, 0.977299, 0.777094, 0.977299, 0.757740, 0.977299, 0.804483, 0.977299, 0.666432, 0.977299, 0.689834, 0.977299, 0.781723, 0.977299, 0.774699, 0.982477, 0.833663, 0.977299, 0.978478, 0.691824, 0.845586, 0.977299, 0.805552, 0.977299, 0.971848, 0.691824, 
258.0, 0.908494, 0.503226, 0.982353, 0.589806, 0.977299, 0.663118, 0.980456, 0.700729, 0.977299, 0.684512, 0.977299, 0.712058, 0.977299, 0.777094, 0.977299, 0.757740, 0.977299, 0.804483, 0.977299, 0.666432, 0.977299, 0.689834, 0.977299, 0.781723, 0.977299, 0.774699, 0.982477, 0.833663, 0.977299, 0.978478, 0.691824, 0.845586, 0.977299, 0.805552, 0.977299, 0.971848, 0.691824, 
259.0, 0.908494, 0.503226, 0.982353, 0.589806, 0.977299, 0.663118, 0.980456, 0.700729, 0.977299, 0.684512, 0.977299, 0.712058, 0.977299, 0.777094, 0.977299, 0.757740, 0.977299, 0.804483, 0.977299, 0.666432, 0.977299, 0.689834, 0.977299, 0.781723, 0.977299, 0.774699, 0.982477, 0.833663, 0.977299, 0.978478, 0.691824, 0.845586, 0.977299, 0.805552, 0.977299, 0.971848, 0.691824, 
262.0, 0.908494, 0.503226, 0.982353, 0.589806, 0.977299, 0.663118, 0.980456, 0.700729, 0.977299, 0.684512, 0.977299, 0.712058, 0.977299, 0.777094, 0.977299, 0.757740, 0.977299, 0.804483, 0.977299, 0.666432, 0.977299, 0.689834, 0.977299, 0.781723, 0.977299, 0.774699, 0.982477, 0.833663, 0.977299, 0.978478, 0.691824, 0.845586, 0.977299, 0.805552, 0.977299, 0.971848, 0.691824, 
263.0, 0.908494, 0.503226, 0.982353, 0.589806, 0.977299, 0.663118, 0.980456, 0.700729, 0.977299, 0.684512, 0.977299, 0.712058, 0.977299, 0.777094, 0.977299, 0.757740, 0.977299, 0.804483, 0.977299, 0.666432, 0.977299, 0.689834, 0.977299, 0.781723, 0.977299, 0.774699, 0.982477, 0.833663, 0.977299, 0.978478, 0.691824, 0.845586, 0.977299, 0.805552, 0.977299, 0.971848, 0.691824, 
264.0, 0.908494, 0.503226, 0.982353, 0.589806, 0.977299, 0.663118, 0.980456, 0.700729, 0.977299, 0.684512, 0.977299, 0.712058, 0.977299, 0.777094, 0.977299, 0.757740, 0.977299, 0.804483, 0.977299, 0.666432, 0.977299, 0.689834, 0.977299, 0.781723, 0.977299, 0.774699, 0.982477, 0.833663, 0.977299, 0.978478, 0.691824, 0.845586, 0.977299, 0.805552, 0.977299, 0.971848, 0.691824, 
265.0, 0.908494, 0.503226, 0.982353, 0.589806, 0.977299, 0.663118, 0.980456, 0.700729, 0.977299, 0.684512, 0.977299, 0.712058, 0.977299, 0.777094, 0.977299, 0.757740, 0.977299, 0.804483, 0.977299, 0.666432, 0.977299, 0.689834, 0.977299, 0.781723, 0.977299, 0.774699, 0.982477, 0.833663, 0.977299, 0.978478, 0.691824, 0.845586, 0.977299, 0.805552, 0.977299, 0.971848, 0.691824, 
266.0, 0.906510, 0.503226, 0.982353, 0.589806, 0.977299, 0.663118, 0.980456, 0.700729, 0.977299, 0.684512, 0.977299, 0.712058, 0.977299, 0.777094, 0.977299, 0.757740, 0.977299, 0.804483, 0.977299, 0.666432, 0.977299, 0.689834, 0.977299, 0.774866, 0.977299, 0.774699, 0.982477, 0.828900, 0.977299, 0.978478, 0.691824, 0.841420, 0.977299, 0.799997, 0.977299, 0.971848, 0.691824, 
269.0, 0.906510, 0.503226, 0.982353, 0.589806, 0.977299, 0.663118, 0.980456, 0.700729, 0.977299, 0.684512, 0.977299, 0.712058, 0.977299, 0.777094, 0.977299, 0.757740, 0.977299, 0.804483, 0.977299, 0.666432, 0.977299, 0.689834, 0.977299, 0.774866, 0.977299, 0.774699, 0.982477, 0.828900, 0.977299, 0.978478, 0.691824, 0.841420, 0.977299, 0.799997, 0.977299, 0.971848, 0.691824, 
270.0, 0.906510, 0.503226, 0.982353, 0.589806, 0.977299, 0.663118, 0.980456, 0.700729, 0.977299, 0.684512, 0.977299, 0.712058, 0.977299, 0.777094, 0.977299, 0.757740, 0.977299, 0.804483, 0.977299, 0.666432, 0.977299, 0.689834, 0.977299, 0.774866, 0.977299, 0.774699, 0.982477, 0.828900, 0.977299, 0.978478, 0.691824, 0.841420, 0.977299, 0.799997, 0.977299, 0.971848, 0.691824, 
271.0, 0.906510, 0.503226, 0.982353, 0.589806, 0.977299, 0.663118, 0.980456, 0.700729, 0.977299, 0.684512, 0.977299, 0.712058, 0.977299, 0.777094, 0.977299, 0.757740, 0.977299, 0.804483, 0.977299, 0.666432, 0.977299, 0.689834, 0.977299, 0.774866, 0.977299, 0.774699, 0.982477, 0.828900, 0.977299, 0.978478, 0.691824, 0.841420, 0.977299, 0.799997, 0.977299, 0.971848, 0.691824, 
272.0, 0.906510, 0.503226, 0.982353, 0.589806, 0.977299, 0.663118, 0.980456, 0.700729, 0.977299, 0.684512, 0.977299, 0.712058, 0.977299, 0.777094, 0.977299, 0.757740, 0.977299, 0.804483, 0.977299, 0.666432, 0.977299, 0.689834, 0.977299, 0.774866, 0.977299, 0.774699, 0.982477, 0.828900, 0.977299, 0.978478, 0.691824, 0.841420, 0.977299, 0.799997, 0.977299, 0.971848, 0.691824, 
273.0, 0.906510, 0.503226, 0.982353, 0.589806, 0.977299, 0.663118, 0.980456, 0.700729, 0.977299, 0.684512, 0.977299, 0.712058, 0.977299, 0.777094, 0.977299, 0.757740, 0.977299, 0.804483, 0.977299, 0.666432, 0.977299, 0.689834, 0.977299, 0.774866, 0.977299, 0.774699, 0.982477, 0.828900, 0.977299, 0.978478, 0.691824, 0.841420, 0.977299, 0.799997, 0.977299, 0.971848, 0.691824, 
276.0, 0.906510, 0.503226, 0.982353, 0.589806, 0.977299, 0.663118, 0.980456, 0.700729, 0.977299, 0.684512, 0.977299, 0.712058, 0.977299, 0.777094, 0.977299, 0.757740, 0.977299, 0.804483, 0.977299, 0.666432, 0.977299, 0.689834, 0.977299, 0.774866, 0.977299, 0.774699, 0.982477, 0.828900, 0.977299, 0.978478, 0.691824, 0.841420, 0.977299, 0.799997, 0.977299, 0.971848, 0.691824, 
277.0, 0.906510, 0.503226, 0.982353, 0.589806, 0.977299, 0.663118, 0.980456, 0.700729, 0.977299, 0.684512, 0.977299, 0.712058, 0.977299, 0.777094, 0.977299, 0.757740, 0.977299, 0.804483, 0.977299, 0.666432, 0.977299, 0.689834, 0.977299, 0.774866, 0.977299, 0.774699, 0.982477, 0.828900, 0.977299, 0.978478, 0.691824, 0.841420, 0.977299, 0.799997, 0.977299, 0.971848, 0.691824, 
278.0, 0.906510, 0.503226, 0.982353, 0.589806, 0.977299, 0.663118, 0.980456, 0.700729, 0.977299, 0.684512, 0.977299, 0.712058, 0.977299, 0.777094, 0.977299, 0.757740, 0.977299, 0.804483, 0.977299, 0.666432, 0.977299, 0.689834, 0.977299, 0.774866, 0.977299, 0.774699, 0.982477, 0.828900, 0.977299, 0.978478, 0.691824, 0.841420, 0.977299, 0.799997, 0.977299, 0.971848, 0.691824, 
279.0, 0.906510, 0.503226, 0.982353, 0.589806, 0.977299, 0.663118, 0.980456, 0.700729, 0.977299, 0.684512, 0.977299, 0.712058, 0.977299, 0.777094, 0.977299, 0.757740, 0.977299, 0.804483, 0.977299, 0.666432, 0.977299, 0.689834, 0.977299, 0.774866, 0.977299, 0.774699, 0.982477, 0.828900, 0.977299, 0.978478, 0.691824, 0.841420, 0.977299, 0.799997, 0.977299, 0.971848, 0.691824, 
280.0, 0.906510, 0.503226, 0.982353, 0.589806, 0.977299, 0.663118, 0.980456, 0.700729, 0.977299, 0.684512, 0.977299, 0.712058, 0.977299, 0.777094, 0.977299, 0.757740, 0.977299, 0.804483, 0.977299, 0.666432, 0.977299, 0.689834, 0.977299, 0.774866, 0.977299, 0.774699, 0.982477, 0.828900, 0.977299, 0.978478, 0.691824, 0.841420, 0.977299, 0.799997, 0.977299, 0.971848, 0.691824, 
283.0, 0.906510, 0.503226, 0.982353, 0.589806, 0.977299, 0.663118, 0.980456, 0.700729, 0.977299, 0.684512, 0.977299, 0.712058, 0.977299, 0.777094, 0.977299, 0.757740, 0.977299, 0.804483, 0.977299, 0.666432, 0.977299, 0.689834, 0.977299, 0.774866, 0.977299, 0.774699, 0.982477, 0.828900, 0.977299, 0.978478, 0.691824, 0.841420, 0.977299, 0.799997, 0.977299, 0.971848, 0.691824, 
284.0, 0.906510, 0.503226, 0.982353, 0.589806, 0.977299, 0.663118, 0.980456, 0.700729, 0.977299, 0.684512, 0.977299, 0.712058, 0.977299, 0.777094, 0.977299, 0.757740, 0.977299, 0.804483, 0.977299, 0.666432, 0.977299, 0.689834, 0.977299, 0.774866, 0.977299, 0.774699, 0.982477, 0.828900, 0.977299, 0.978478, 0.691824, 0.841420, 0.977299, 0.799997, 0.977299, 0.971848, 0.691824, 
285.0, 0.906510, 0.503226, 0.982353, 0.589806, 0.977299, 0.663118, 0.980456, 0.700729, 0.977299, 0.684512, 0.977299, 0.712058, 0.977299, 0.777094, 0.977299, 0.757740, 0.977299, 0.804483, 0.977299, 0.666432, 0.977299, 0.689834, 0.977299, 0.774866, 0.977299, 0.774699, 0.982477, 0.828900, 0.977299, 0.978478, 0.691824, 0.841420, 0.977299, 0.799997, 0.977299, 0.971848, 0.691824, 
286.0, 0.906510, 0.503226, 0.982353, 0.589806, 0.977299, 0.663118, 0.980456, 0.700729, 0.977299, 0.684512, 0.977299, 0.712058, 0.977299, 0.777094, 0.977299, 0.757740, 0.977299, 0.804483, 0.977299, 0.666432, 0.977299, 0.689834, 0.977299, 0.774866, 0.977299, 0.774699, 0.982477, 0.828900, 0.977299, 0.978478, 0.691824, 0.841420, 0.977299, 0.799997, 0.977299, 0.971848, 0.691824, 
287.0, 0.906510, 0.503226, 0.982353, 0.589806, 0.977299, 0.663118, 0.980456, 0.700729, 0.977299, 0.684512, 0.977299, 0.712058, 0.977299, 0.777094, 0.977299, 0.757740, 0.977299, 0.804483, 0.977299, 0.666432, 0.977299, 0.689834, 0.977299, 0.774866, 0.977299, 0.774699, 0.982477, 0.828900, 0.977299, 0.978478, 0.691824, 0.841420, 0.977299, 0.799997, 0.977299, 0.971848, 0.691824, 
288.0, 0.903796, 0.503226, 0.982353, 0.589806, 0.977299, 0.663118, 0.980456, 0.700729, 0.977299, 0.653398, 0.977299, 0.695499, 0.977299, 0.765138, 0.977299, 0.746915, 0.977299, 0.794906, 0.977299, 0.666432, 0.977299, 0.689834, 0.977299, 0.765959, 0.977299, 0.774699, 0.982477, 0.822373, 0.977299, 0.978478, 0.691824, 0.835657, 0.977299, 0.792789, 0.977299, 0.971848, 0.691824, 
290.0, 0.903796, 0.503226, 0.982353, 0.589806, 0.977299, 0.663118, 0.980456, 0.700729, 0.977299, 0.653398, 0.977299, 0.695499, 0.977299, 0.765138, 0.977299, 0.746915, 0.977299, 0.794906, 0.977299, 0.666432, 0.977299, 0.689834, 0.977299, 0.765959, 0.977299, 0.774699, 0.982477, 0.822373, 0.977299, 0.978478, 0.691824, 0.835657, 0.977299, 0.792789, 0.977299, 0.971848, 0.691824, 
291.0, 0.903796, 0.503226, 0.982353, 0.589806, 0.977299, 0.663118, 0.980456, 0.700729, 0.977299, 0.653398, 0.977299, 0.695499, 0.977299, 0.765138, 0.977299, 0.746915, 0.977299, 0.794906, 0.977299, 0.666432, 0.977299, 0.689834, 0.977299, 0.765959, 0.977299, 0.774699, 0.982477, 0.822373, 0.977299, 0.978478, 0.691824, 0.835657, 0.977299, 0.792789, 0.977299, 0.971848, 0.691824, 
292.0, 0.903796, 0.503226, 0.982353, 0.589806, 0.977299, 0.663118, 0.980456, 0.700729, 0.977299, 0.653398, 0.977299, 0.695499, 0.977299, 0.765138, 0.977299, 0.746915, 0.977299, 0.794906, 0.977299, 0.666432, 0.977299, 0.689834, 0.977299, 0.765959, 0.977299, 0.774699, 0.982477, 0.822373, 0.977299, 0.978478, 0.691824, 0.835657, 0.977299, 0.792789, 0.977299, 0.971848, 0.691824, 
293.0, 0.903796, 0.503226, 0.982353, 0.589806, 0.977299, 0.663118, 0.980456, 0.700729, 0.977299, 0.653398, 0.977299, 0.695499, 0.977299, 0.765138, 0.977299, 0.746915, 0.977299, 0.794906, 0.977299, 0.666432, 0.977299, 0.689834, 0.977299, 0.765959, 0.977299, 0.774699, 0.982477, 0.822373, 0.977299, 0.978478, 0.691824, 0.835657, 0.977299, 0.792789, 0.977299, 0.971848, 0.691824, 
294.0, 0.903796, 0.503226, 0.982353, 0.589806, 0.977299, 0.663118, 0.980456, 0.700729, 0.977299, 0.653398, 0.977299, 0.695499, 0.977299, 0.765138, 0.977299, 0.746915, 0.977299, 0.794906, 0.977299, 0.666432, 0.977299, 0.689834, 0.977299, 0.765959, 0.977299, 0.774699, 0.982477, 0.822373, 0.977299, 0.978478, 0.691824, 0.835657, 0.977299, 0.792789, 0.977299, 0.971848, 0.691824, 
297.0, 0.903796, 0.503226, 0.982353, 0.589806, 0.977299, 0.663118, 0.980456, 0.700729, 0.977299, 0.653398, 0.977299, 0.695499, 0.977299, 0.765138, 0.977299, 0.746915, 0.977299, 0.794906, 0.977299, 0.666432, 0.977299, 0.689834, 0.977299, 0.765959, 0.977299, 0.774699, 0.982477, 0.822373, 0.977299, 0.978478, 0.691824, 0.835657, 0.977299, 0.792789, 0.977299, 0.971848, 0.691824, 
298.0, 0.900591, 0.503226, 0.982353, 0.589806, 0.977299, 0.663118, 0.980456, 0.700729, 0.977299, 0.622284, 0.977299, 0.677665, 0.977299, 0.752170, 0.977299, 0.735244, 0.977299, 0.784307, 0.977299, 0.666432, 0.977299, 0.668277, 0.977299, 0.756012, 0.977299, 0.759801, 0.982477, 0.815284, 0.977299, 0.978478, 0.691824, 0.829179, 0.977299, 0.784781, 0.977299, 0.971848, 0.691824, 
299.0, 0.900591, 0.503226, 0.982353, 0.589806, 0.977299, 0.663118, 0.980456, 0.700729, 0.977299, 0.622284, 0.977299, 0.677665, 0.977299, 0.752170, 0.977299, 0.735244, 0.977299, 0.784307, 0.977299, 0.666432, 0.977299, 0.668277, 0.977299, 0.756012, 0.977299, 0.759801, 0.982477, 0.815284, 0.977299, 0.978478, 0.691824, 0.829179, 0.977299, 0.784781, 0.977299, 0.971848, 0.691824, 
300.0, 0.900591, 0.503226, 0.982353, 0.589806, 0.977299, 0.663118, 0.980456, 0.700729, 0.977299, 0.622284, 0.977299, 0.677665, 0.977299, 0.752170, 0.977299, 0.735244, 0.977299, 0.784307, 0.977299, 0.666432, 0.977299, 0.668277, 0.977299, 0.756012, 0.977299, 0.759801, 0.982477, 0.815284, 0.977299, 0.978478, 0.691824, 0.829179, 0.977299, 0.784781, 0.977299, 0.971848, 0.691824, 
301.0, 0.900591, 0.503226, 0.982353, 0.589806, 0.977299, 0.663118, 0.980456, 0.700729, 0.977299, 0.622284, 0.977299, 0.677665, 0.977299, 0.752170, 0.977299, 0.735244, 0.977299, 0.784307, 0.977299, 0.666432, 0.977299, 0.668277, 0.977299, 0.756012, 0.977299, 0.759801, 0.982477, 0.815284, 0.977299, 0.978478, 0.691824, 0.829179, 0.977299, 0.784781, 0.977299, 0.971848, 0.691824, 
304.0, 0.900591, 0.503226, 0.982353, 0.589806, 0.977299, 0.663118, 0.980456, 0.700729, 0.977299, 0.622284, 0.977299, 0.677665, 0.977299, 0.752170, 0.977299, 0.735244, 0.977299, 0.784307, 0.977299, 0.666432, 0.977299, 0.668277, 0.977299, 0.756012, 0.977299, 0.759801, 0.982477, 0.815284, 0.977299, 0.978478, 0.691824, 0.829179, 0.977299, 0.784781, 0.977299, 0.971848, 0.691824, 
305.0, 0.900591, 0.503226, 0.982353, 0.589806, 0.977299, 0.663118, 0.980456, 0.700729, 0.977299, 0.622284, 0.977299, 0.677665, 0.977299, 0.752170, 0.977299, 0.735244, 0.977299, 0.784307, 0.977299, 0.666432, 0.977299, 0.668277, 0.977299, 0.756012, 0.977299, 0.759801, 0.982477, 0.815284, 0.977299, 0.978478, 0.691824, 0.829179, 0.977299, 0.784781, 0.977299, 0.971848, 0.691824, 
306.0, 0.900591, 0.503226, 0.982353, 0.589806, 0.977299, 0.663118, 0.980456, 0.700729, 0.977299, 0.622284, 0.977299, 0.677665, 0.977299, 0.752170, 0.977299, 0.735244, 0.977299, 0.784307, 0.977299, 0.666432, 0.977299, 0.668277, 0.977299, 0.756012, 0.977299, 0.759801, 0.982477, 0.815284, 0.977299, 0.978478, 0.691824, 0.829179, 0.977299, 0.784781, 0.977299, 0.971848, 0.691824, 
307.0, 0.900591, 0.503226, 0.982353, 0.589806, 0.977299, 0.663118, 0.980456, 0.700729, 0.977299, 0.622284, 0.977299, 0.677665, 0.977299, 0.752170, 0.977299, 0.735244, 0.977299, 0.784307, 0.977299, 0.666432, 0.977299, 0.668277, 0.977299, 0.756012, 0.977299, 0.759801, 0.982477, 0.815284, 0.977299, 0.978478, 0.691824, 0.829179, 0.977299, 0.784781, 0.977299, 0.971848, 0.691824, 
308.0, 0.900591, 0.503226, 0.982353, 0.589806, 0.977299, 0.663118, 0.980456, 0.700729, 0.977299, 0.622284, 0.977299, 0.677665, 0.977299, 0.752170, 0.977299, 0.735244, 0.977299, 0.784307, 0.977299, 0.666432, 0.977299, 0.668277, 0.977299, 0.756012, 0.977299, 0.759801, 0.982477, 0.815284, 0.977299, 0.978478, 0.691824, 0.829179, 0.977299, 0.784781, 0.977299, 0.971848, 0.691824, 
311.0, 0.900591, 0.503226, 0.982353, 0.589806, 0.977299, 0.663118, 0.980456, 0.700729, 0.977299, 0.622284, 0.977299, 0.677665, 0.977299, 0.752170, 0.977299, 0.735244, 0.977299, 0.784307, 0.977299, 0.666432, 0.977299, 0.668277, 0.977299, 0.756012, 0.977299, 0.759801, 0.982477, 0.815284, 0.977299, 0.978478, 0.691824, 0.829179, 0.977299, 0.784781, 0.977299, 0.971848, 0.691824, 
312.0, 0.900591, 0.503226, 0.982353, 0.589806, 0.977299, 0.663118, 0.980456, 0.700729, 0.977299, 0.622284, 0.977299, 0.677665, 0.977299, 0.752170, 0.977299, 0.735244, 0.977299, 0.784307, 0.977299, 0.666432, 0.977299, 0.668277, 0.977299, 0.756012, 0.977299, 0.759801, 0.982477, 0.815284, 0.977299, 0.978478, 0.691824, 0.829179, 0.977299, 0.784781, 0.977299, 0.971848, 0.691824, 
313.0, 0.900591, 0.503226, 0.982353, 0.589806, 0.977299, 0.663118, 0.980456, 0.700729, 0.977299, 0.622284, 0.977299, 0.677665, 0.977299, 0.752170, 0.977299, 0.735244, 0.977299, 0.784307, 0.977299, 0.666432, 0.977299, 0.668277, 0.977299, 0.756012, 0.977299, 0.759801, 0.982477, 0.815284, 0.977299, 0.978478, 0.691824, 0.829179, 0.977299, 0.784781, 0.977299, 0.971848, 0.691824, 
314.0, 0.900591, 0.503226, 0.982353, 0.589806, 0.977299, 0.663118, 0.980456, 0.700729, 0.977299, 0.622284, 0.977299, 0.677665, 0.977299, 0.752170, 0.977299, 0.735244, 0.977299, 0.784307, 0.977299, 0.666432, 0.977299, 0.668277, 0.977299, 0.756012, 0.977299, 0.759801, 0.982477, 0.815284, 0.977299, 0.978478, 0.691824, 0.829179, 0.977299, 0.784781, 0.977299, 0.971848, 0.691824, 
315.0, 0.900591, 0.503226, 0.982353, 0.589806, 0.977299, 0.663118, 0.980456, 0.700729, 0.977299, 0.622284, 0.977299, 0.677665, 0.977299, 0.752170, 0.977299, 0.735244, 0.977299, 0.784307, 0.977299, 0.666432, 0.977299, 0.668277, 0.977299, 0.756012, 0.977299, 0.759801, 0.982477, 0.815284, 0.977299, 0.978478, 0.691824, 0.829179, 0.977299, 0.784781, 0.977299, 0.971848, 0.691824, 
318.0, 0.900591, 0.503226, 0.982353, 0.589806, 0.977299, 0.663118, 0.980456, 0.700729, 0.977299, 0.622284, 0.977299, 0.677665, 0.977299, 0.752170, 0.977299, 0.735244, 0.977299, 0.784307, 0.977299, 0.666432, 0.977299, 0.668277, 0.977299, 0.756012, 0.977299, 0.759801, 0.982477, 0.815284, 0.977299, 0.978478, 0.691824, 0.829179, 0.977299, 0.784781, 0.977299, 0.971848, 0.691824, 
319.0, 0.900591, 0.503226, 0.982353, 0.589806, 0.977299, 0.663118, 0.980456, 0.700729, 0.977299, 0.622284, 0.977299, 0.677665, 0.977299, 0.752170, 0.977299, 0.735244, 0.977299, 0.784307, 0.977299, 0.666432, 0.977299, 0.668277, 0.977299, 0.756012, 0.977299, 0.759801, 0.982477, 0.815284, 0.977299, 0.978478, 0.691824, 0.829179, 0.977299, 0.784781, 0.977299, 0.971848, 0.691824, 
320.0, 0.900591, 0.503226, 0.982353, 0.589806, 0.977299, 0.663118, 0.980456, 0.700729, 0.977299, 0.622284, 0.977299, 0.677665, 0.977299, 0.752170, 0.977299, 0.735244, 0.977299, 0.784307, 0.977299, 0.666432, 0.977299, 0.668277, 0.977299, 0.756012, 0.977299, 0.759801, 0.982477, 0.815284, 0.977299, 0.978478, 0.691824, 0.829179, 0.977299, 0.784781, 0.977299, 0.971848, 0.691824, 
321.0, 0.900591, 0.503226, 0.982353, 0.589806, 0.977299, 0.663118, 0.980456, 0.700729, 0.977299, 0.622284, 0.977299, 0.677665, 0.977299, 0.752170, 0.977299, 0.735244, 0.977299, 0.784307, 0.977299, 0.666432, 0.977299, 0.668277, 0.977299, 0.756012, 0.977299, 0.759801, 0.982477, 0.815284, 0.977299, 0.978478, 0.691824, 0.829179, 0.977299, 0.784781, 0.977299, 0.971848, 0.691824, 
322.0, 0.900591, 0.503226, 0.982353, 0.589806, 0.977299, 0.663118, 0.980456, 0.700729, 0.977299, 0.622284, 0.977299, 0.677665, 0.977299, 0.752170, 0.977299, 0.735244, 0.977299, 0.784307, 0.977299, 0.666432, 0.977299, 0.668277, 0.977299, 0.756012, 0.977299, 0.759801, 0.982477, 0.815284, 0.977299, 0.978478, 0.691824, 0.829179, 0.977299, 0.784781, 0.977299, 0.971848, 0.691824, 
325.0, 0.900591, 0.503226, 0.982353, 0.589806, 0.977299, 0.663118, 0.980456, 0.700729, 0.977299, 0.622284, 0.977299, 0.677665, 0.977299, 0.752170, 0.977299, 0.735244, 0.977299, 0.784307, 0.977299, 0.666432, 0.977299, 0.668277, 0.977299, 0.756012, 0.977299, 0.759801, 0.982477, 0.815284, 0.977299, 0.978478, 0.691824, 0.829179, 0.977299, 0.784781, 0.977299, 0.971848, 0.691824, 
326.0, 0.900591, 0.503226, 0.982353, 0.589806, 0.977299, 0.663118, 0.980456, 0.700729, 0.977299, 0.622284, 0.977299, 0.677665, 0.977299, 0.752170, 0.977299, 0.735244, 0.977299, 0.784307, 0.977299, 0.666432, 0.977299, 0.668277, 0.977299, 0.756012, 0.977299, 0.759801, 0.982477, 0.815284, 0.977299, 0.978478, 0.691824, 0.829179, 0.977299, 0.784781, 0.977299, 0.971848, 0.691824, 
327.0, 0.900591, 0.503226, 0.982353, 0.589806, 0.977299, 0.663118, 0.980456, 0.700729, 0.977299, 0.622284, 0.977299, 0.677665, 0.977299, 0.752170, 0.977299, 0.735244, 0.977299, 0.784307, 0.977299, 0.666432, 0.977299, 0.668277, 0.977299, 0.756012, 0.977299, 0.759801, 0.982477, 0.815284, 0.977299, 0.978478, 0.691824, 0.829179, 0.977299, 0.784781, 0.977299, 0.971848, 0.691824, 
328.0, 0.900591, 0.503226, 0.982353, 0.589806, 0.977299, 0.663118, 0.980456, 0.700729, 0.977299, 0.622284, 0.977299, 0.677665, 0.977299, 0.752170, 0.977299, 0.735244, 0.977299, 0.784307, 0.977299, 0.666432, 0.977299, 0.668277, 0.977299, 0.756012, 0.977299, 0.759801, 0.982477, 0.815284, 0.977299, 0.978478, 0.691824, 0.829179, 0.977299, 0.784781, 0.977299, 0.971848, 0.691824, 
329.0, 0.900591, 0.503226, 0.982353, 0.589806, 0.977299, 0.663118, 0.980456, 0.700729, 0.977299, 0.622284, 0.977299, 0.677665, 0.977299, 0.752170, 0.977299, 0.735244, 0.977299, 0.784307, 0.977299, 0.666432, 0.977299, 0.668277, 0.977299, 0.756012, 0.977299, 0.759801, 0.982477, 0.815284, 0.977299, 0.978478, 0.691824, 0.829179, 0.977299, 0.784781, 0.977299, 0.971848, 0.691824, 
332.0, 0.900591, 0.503226, 0.982353, 0.589806, 0.977299, 0.663118, 0.980456, 0.700729, 0.977299, 0.622284, 0.977299, 0.677665, 0.977299, 0.752170, 0.977299, 0.735244, 0.977299, 0.784307, 0.977299, 0.666432, 0.977299, 0.668277, 0.977299, 0.756012, 0.977299, 0.759801, 0.982477, 0.815284, 0.977299, 0.978478, 0.691824, 0.829179, 0.977299, 0.784781, 0.977299, 0.971848, 0.691824, 
333.0, 0.900591, 0.503226, 0.982353, 0.589806, 0.977299, 0.663118, 0.980456, 0.700729, 0.977299, 0.622284, 0.977299, 0.677665, 0.977299, 0.752170, 0.977299, 0.735244, 0.977299, 0.784307, 0.977299, 0.666432, 0.977299, 0.668277, 0.977299, 0.756012, 0.977299, 0.759801, 0.982477, 0.815284, 0.977299, 0.978478, 0.691824, 0.829179, 0.977299, 0.784781, 0.977299, 0.971848, 0.691824, 
334.0, 0.900591, 0.503226, 0.982353, 0.589806, 0.977299, 0.663118, 0.980456, 0.700729, 0.977299, 0.622284, 0.977299, 0.677665, 0.977299, 0.752170, 0.977299, 0.735244, 0.977299, 0.784307, 0.977299, 0.666432, 0.977299, 0.668277, 0.977299, 0.756012, 0.977299, 0.759801, 0.982477, 0.815284, 0.977299, 0.978478, 0.691824, 0.829179, 0.977299, 0.784781, 0.977299, 0.971848, 0.691824, 
335.0, 0.900591, 0.503226, 0.982353, 0.589806, 0.977299, 0.663118, 0.980456, 0.700729, 0.977299, 0.622284, 0.977299, 0.677665, 0.977299, 0.752170, 0.977299, 0.735244, 0.977299, 0.784307, 0.977299, 0.666432, 0.977299, 0.668277, 0.977299, 0.756012, 0.977299, 0.759801, 0.982477, 0.815284, 0.977299, 0.978478, 0.691824, 0.829179, 0.977299, 0.784781, 0.977299, 0.971848, 0.691824, 
336.0, 0.900591, 0.503226, 0.982353, 0.589806, 0.977299, 0.663118, 0.980456, 0.700729, 0.977299, 0.622284, 0.977299, 0.677665, 0.977299, 0.752170, 0.977299, 0.735244, 0.977299, 0.784307, 0.977299, 0.666432, 0.977299, 0.668277, 0.977299, 0.756012, 0.977299, 0.759801, 0.982477, 0.815284, 0.977299, 0.978478, 0.691824, 0.829179, 0.977299, 0.784781, 0.977299, 0.971848, 0.691824, 
339.0, 0.900591, 0.503226, 0.982353, 0.589806, 0.977299, 0.663118, 0.980456, 0.700729, 0.977299, 0.622284, 0.977299, 0.677665, 0.977299, 0.752170, 0.977299, 0.735244, 0.977299, 0.784307, 0.977299, 0.666432, 0.977299, 0.668277, 0.977299, 0.756012, 0.977299, 0.759801, 0.982477, 0.815284, 0.977299, 0.978478, 0.691824, 0.829179, 0.977299, 0.784781, 0.977299, 0.971848, 0.691824, 
340.0, 0.900591, 0.503226, 0.982353, 0.589806, 0.977299, 0.663118, 0.980456, 0.700729, 0.977299, 0.622284, 0.977299, 0.677665, 0.977299, 0.752170, 0.977299, 0.735244, 0.977299, 0.784307, 0.977299, 0.666432, 0.977299, 0.668277, 0.977299, 0.756012, 0.977299, 0.759801, 0.982477, 0.815284, 0.977299, 0.978478, 0.691824, 0.829179, 0.977299, 0.784781, 0.977299, 0.971848, 0.691824, 
341.0, 0.900591, 0.503226, 0.982353, 0.589806, 0.977299, 0.663118, 0.980456, 0.700729, 0.977299, 0.622284, 0.977299, 0.677665, 0.977299, 0.752170, 0.977299, 0.735244, 0.977299, 0.784307, 0.977299, 0.666432, 0.977299, 0.668277, 0.977299, 0.756012, 0.977299, 0.759801, 0.982477, 0.815284, 0.977299, 0.978478, 0.691824, 0.829179, 0.977299, 0.784781, 0.977299, 0.971848, 0.691824, 
342.0, 0.900591, 0.503226, 0.982353, 0.589806, 0.977299, 0.663118, 0.980456, 0.700729, 0.977299, 0.622284, 0.977299, 0.677665, 0.977299, 0.752170, 0.977299, 0.735244, 0.977299, 0.784307, 0.977299, 0.666432, 0.977299, 0.668277, 0.977299, 0.756012, 0.977299, 0.759801, 0.982477, 0.815284, 0.977299, 0.978478, 0.691824, 0.829179, 0.977299, 0.784781, 0.977299, 0.971848, 0.691824, 
343.0, 0.900591, 0.503226, 0.982353, 0.589806, 0.977299, 0.663118, 0.980456, 0.700729, 0.977299, 0.622284, 0.977299, 0.677665, 0.977299, 0.752170, 0.977299, 0.735244, 0.977299, 0.784307, 0.977299, 0.666432, 0.977299, 0.668277, 0.977299, 0.756012, 0.977299, 0.759801, 0.982477, 0.815284, 0.977299, 0.978478, 0.691824, 0.829179, 0.977299, 0.784781, 0.977299, 0.971848, 0.691824, 
346.0, 0.900591, 0.503226, 0.982353, 0.589806, 0.977299, 0.663118, 0.980456, 0.700729, 0.977299, 0.622284, 0.977299, 0.677665, 0.977299, 0.752170, 0.977299, 0.735244, 0.977299, 0.784307, 0.977299, 0.666432, 0.977299, 0.668277, 0.977299, 0.756012, 0.977299, 0.759801, 0.982477, 0.815284, 0.977299, 0.978478, 0.691824, 0.829179, 0.977299, 0.784781, 0.977299, 0.971848, 0.691824, 
347.0, 0.900591, 0.503226, 0.982353, 0.589806, 0.977299, 0.663118, 0.980456, 0.700729, 0.977299, 0.622284, 0.977299, 0.677665, 0.977299, 0.752170, 0.977299, 0.735244, 0.977299, 0.784307, 0.977299, 0.666432, 0.977299, 0.668277, 0.977299, 0.756012, 0.977299, 0.759801, 0.982477, 0.815284, 0.977299, 0.978478, 0.691824, 0.829179, 0.977299, 0.784781, 0.977299, 0.971848, 0.691824, 
348.0, 0.900591, 0.503226, 0.982353, 0.589806, 0.977299, 0.663118, 0.980456, 0.700729, 0.977299, 0.622284, 0.977299, 0.677665, 0.977299, 0.752170, 0.977299, 0.735244, 0.977299, 0.784307, 0.977299, 0.666432, 0.977299, 0.668277, 0.977299, 0.756012, 0.977299, 0.759801, 0.982477, 0.815284, 0.977299, 0.978478, 0.691824, 0.829179, 0.977299, 0.784781, 0.977299, 0.971848, 0.691824, 
349.0, 0.900591, 0.503226, 0.982353, 0.589806, 0.977299, 0.663118, 0.980456, 0.700729, 0.977299, 0.622284, 0.977299, 0.677665, 0.977299, 0.752170, 0.977299, 0.735244, 0.977299, 0.784307, 0.977299, 0.666432, 0.977299, 0.668277, 0.977299, 0.756012, 0.977299, 0.759801, 0.982477, 0.815284, 0.977299, 0.978478, 0.691824, 0.829179, 0.977299, 0.784781, 0.977299, 0.971848, 0.691824, 
350.0, 0.900591, 0.503226, 0.982353, 0.589806, 0.977299, 0.663118, 0.980456, 0.700729, 0.977299, 0.622284, 0.977299, 0.677665, 0.977299, 0.752170, 0.977299, 0.735244, 0.977299, 0.784307, 0.977299, 0.666432, 0.977299, 0.668277, 0.977299, 0.756012, 0.977299, 0.759801, 0.982477, 0.815284, 0.977299, 0.978478, 0.691824, 0.829179, 0.977299, 0.784781, 0.977299, 0.971848, 0.691824, 
353.0, 0.900591, 0.503226, 0.982353, 0.589806, 0.977299, 0.663118, 0.980456, 0.700729, 0.977299, 0.622284, 0.977299, 0.677665, 0.977299, 0.752170, 0.977299, 0.735244, 0.977299, 0.784307, 0.977299, 0.666432, 0.977299, 0.668277, 0.977299, 0.756012, 0.977299, 0.759801, 0.982477, 0.815284, 0.977299, 0.978478, 0.691824, 0.829179, 0.977299, 0.784781, 0.977299, 0.971848, 0.691824, 
354.0, 0.900591, 0.503226, 0.982353, 0.589806, 0.977299, 0.663118, 0.980456, 0.700729, 0.977299, 0.622284, 0.977299, 0.677665, 0.977299, 0.752170, 0.977299, 0.735244, 0.977299, 0.784307, 0.977299, 0.666432, 0.977299, 0.668277, 0.977299, 0.756012, 0.977299, 0.759801, 0.982477, 0.815284, 0.977299, 0.978478, 0.691824, 0.829179, 0.977299, 0.784781, 0.977299, 0.971848, 0.691824, 
355.0, 0.900591, 0.503226, 0.982353, 0.589806, 0.977299, 0.663118, 0.980456, 0.700729, 0.977299, 0.622284, 0.977299, 0.677665, 0.977299, 0.752170, 0.977299, 0.735244, 0.977299, 0.784307, 0.977299, 0.666432, 0.977299, 0.668277, 0.977299, 0.756012, 0.977299, 0.759801, 0.982477, 0.815284, 0.977299, 0.978478, 0.691824, 0.829179, 0.977299, 0.784781, 0.977299, 0.971848, 0.691824, 
362.0, 0.900591, 0.503226, 0.982353, 0.589806, 0.977299, 0.663118, 0.980456, 0.700729, 0.977299, 0.622284, 0.977299, 0.677665, 0.977299, 0.752170, 0.977299, 0.735244, 0.977299, 0.784307, 0.977299, 0.666432, 0.977299, 0.668277, 0.977299, 0.756012, 0.977299, 0.759801, 0.982477, 0.815284, 0.977299, 0.978478, 0.691824, 0.829179, 0.977299, 0.784781, 0.977299, 0.971848, 0.691824, 
364.0, 0.900591, 0.503226, 0.982353, 0.589806, 0.977299, 0.663118, 0.980456, 0.700729, 0.977299, 0.622284, 0.977299, 0.677665, 0.977299, 0.752170, 0.977299, 0.735244, 0.977299, 0.784307, 0.977299, 0.666432, 0.977299, 0.668277, 0.977299, 0.756012, 0.977299, 0.759801, 0.982477, 0.815284, 0.977299, 0.978478, 0.691824, 0.829179, 0.977299, 0.784781, 0.977299, 0.971848, 0.691824, 

