time, entire-set, r1_l, r1_r, r2_l, r2_r, r3_l, r3_r, r4_l, r4_r, r5_l, r5_r, r6_l, r6_r, r7_l, r7_r, r8_l, r8_r, r9_l, r9_r, r10_l, r10_r, 
0.003, 0.966581, 0.936937, 0.979716, 0.922535, 0.979757, 0.931818, 0.979757, 0.942029, 0.979879, 0.955556, 1.000000, 0.943262, 0.979839, 0.966667, 0.987952, 1.000000, 0.978261, 0.978082, 0.936937, 0.986667, 0.976959, 
0.1, 0.965296, 0.936937, 0.979716, 0.922535, 0.979757, 0.931818, 0.979757, 0.937198, 0.979879, 0.955556, 1.000000, 0.939716, 0.979839, 0.966667, 0.987952, 1.000000, 0.978261, 0.978082, 0.936937, 0.986667, 0.976959, 
0.2, 0.962725, 0.927928, 0.977688, 0.915493, 0.977733, 0.926136, 0.977733, 0.932367, 0.977867, 0.955556, 1.000000, 0.936170, 0.977823, 0.966667, 0.987952, 1.000000, 0.978261, 0.975342, 0.927928, 0.986667, 0.976959, 
0.3, 0.958869, 0.927928, 0.973631, 0.908451, 0.973684, 0.920455, 0.973684, 0.927536, 0.973843, 0.955556, 0.992593, 0.932624, 0.973790, 0.966667, 0.975904, 1.000000, 0.978261, 0.972603, 0.927928, 0.986667, 0.967742, 
0.4, 0.949871, 0.873874, 0.971602, 0.866197, 0.971660, 0.886364, 0.971660, 0.898551, 0.971831, 0.955556, 0.985185, 0.911348, 0.971774, 0.966667, 0.975904, 1.000000, 0.978261, 0.969863, 0.873874, 0.986667, 0.963134, 
0.5, 0.939589, 0.855856, 0.965517, 0.852113, 0.965587, 0.869318, 0.965587, 0.884058, 0.963783, 0.933333, 0.977778, 0.897163, 0.963710, 0.966667, 0.963855, 1.000000, 0.978261, 0.961644, 0.855856, 0.986667, 0.953917, 
0.6, 0.930591, 0.837838, 0.959432, 0.838028, 0.959514, 0.857955, 0.959514, 0.874396, 0.957746, 0.911111, 0.970370, 0.882979, 0.957661, 0.966667, 0.963855, 1.000000, 0.978261, 0.953425, 0.837838, 0.986667, 0.944700, 
0.7, 0.919023, 0.810811, 0.953347, 0.816901, 0.953441, 0.840909, 0.953441, 0.855072, 0.951710, 0.888889, 0.962963, 0.861702, 0.951613, 0.966667, 0.951807, 1.000000, 0.978261, 0.947945, 0.810811, 0.986667, 0.940092, 
0.8, 0.904884, 0.810811, 0.935091, 0.816901, 0.935223, 0.829545, 0.935223, 0.845411, 0.933602, 0.888889, 0.962963, 0.854610, 0.933468, 0.933333, 0.903614, 0.934783, 0.956522, 0.936986, 0.810811, 0.933333, 0.912442, 
0.9, 0.897172, 0.810811, 0.931034, 0.809859, 0.931174, 0.818182, 0.931174, 0.835749, 0.929577, 0.844444, 0.955556, 0.840426, 0.929435, 0.933333, 0.903614, 0.934783, 0.934783, 0.931507, 0.810811, 0.933333, 0.907834, 
1.0, 0.884319, 0.774775, 0.922921, 0.781690, 0.921053, 0.795455, 0.921053, 0.816425, 0.919517, 0.822222, 0.955556, 0.822695, 0.921371, 0.933333, 0.891566, 0.934783, 0.934783, 0.923288, 0.774775, 0.933333, 0.894009, 
1.1, 0.865039, 0.738739, 0.908722, 0.739437, 0.906883, 0.761364, 0.906883, 0.787440, 0.905433, 0.777778, 0.940741, 0.794326, 0.907258, 0.933333, 0.891566, 0.934783, 0.934783, 0.904110, 0.738739, 0.933333, 0.866359, 
1.2, 0.854756, 0.729730, 0.896552, 0.732394, 0.894737, 0.755682, 0.894737, 0.777778, 0.893360, 0.777778, 0.925926, 0.787234, 0.895161, 0.900000, 0.867470, 0.891304, 0.934783, 0.895890, 0.729730, 0.920000, 0.857143, 
1.3, 0.848329, 0.720721, 0.890467, 0.725352, 0.888664, 0.750000, 0.888664, 0.768116, 0.887324, 0.777778, 0.925926, 0.780142, 0.889113, 0.833333, 0.831325, 0.869565, 0.934783, 0.895890, 0.720721, 0.906667, 0.852535, 
1.4, 0.838046, 0.720721, 0.878296, 0.725352, 0.876518, 0.744318, 0.876518, 0.763285, 0.875252, 0.755556, 0.911111, 0.773050, 0.877016, 0.833333, 0.831325, 0.869565, 0.913043, 0.879452, 0.720721, 0.906667, 0.843318, 
1.5, 0.826478, 0.675676, 0.872211, 0.690141, 0.870445, 0.710227, 0.870445, 0.734300, 0.869215, 0.755556, 0.903704, 0.751773, 0.870968, 0.833333, 0.831325, 0.869565, 0.913043, 0.871233, 0.675676, 0.906667, 0.843318, 
1.6, 0.821337, 0.666667, 0.868154, 0.683099, 0.866397, 0.704545, 0.866397, 0.724638, 0.865191, 0.755556, 0.896296, 0.744681, 0.866935, 0.833333, 0.831325, 0.869565, 0.913043, 0.865753, 0.666667, 0.906667, 0.843318, 
1.7, 0.809769, 0.648649, 0.858012, 0.661972, 0.856275, 0.687500, 0.856275, 0.710145, 0.855131, 0.733333, 0.888889, 0.730496, 0.856855, 0.833333, 0.831325, 0.847826, 0.891304, 0.854795, 0.648649, 0.893333, 0.838710, 
1.8, 0.807198, 0.639640, 0.855984, 0.654930, 0.854251, 0.681818, 0.854251, 0.705314, 0.853119, 0.733333, 0.888889, 0.726950, 0.854839, 0.833333, 0.819277, 0.826087, 0.891304, 0.854795, 0.639640, 0.893333, 0.838710, 
1.9, 0.800771, 0.621622, 0.851927, 0.640845, 0.850202, 0.664773, 0.850202, 0.690821, 0.849095, 0.733333, 0.888889, 0.716312, 0.850806, 0.833333, 0.807229, 0.804348, 0.891304, 0.852055, 0.621622, 0.893333, 0.838710, 
2.0, 0.793059, 0.621622, 0.843813, 0.640845, 0.842105, 0.659091, 0.842105, 0.685990, 0.841046, 0.711111, 0.874074, 0.709220, 0.842742, 0.833333, 0.807229, 0.804348, 0.869565, 0.841096, 0.621622, 0.893333, 0.834101, 
2.1, 0.786632, 0.612613, 0.837728, 0.633803, 0.836032, 0.653409, 0.836032, 0.681159, 0.835010, 0.688889, 0.866667, 0.702128, 0.836694, 0.833333, 0.807229, 0.804348, 0.869565, 0.832877, 0.612613, 0.893333, 0.829493, 
2.2, 0.784062, 0.612613, 0.835700, 0.633803, 0.834008, 0.653409, 0.834008, 0.681159, 0.832998, 0.666667, 0.866667, 0.698582, 0.834677, 0.833333, 0.807229, 0.804348, 0.869565, 0.830137, 0.612613, 0.893333, 0.824885, 
2.3, 0.778920, 0.612613, 0.829615, 0.633803, 0.827935, 0.653409, 0.827935, 0.681159, 0.826962, 0.666667, 0.859259, 0.695035, 0.828629, 0.833333, 0.783133, 0.804348, 0.869565, 0.827397, 0.612613, 0.880000, 0.815668, 
2.4, 0.776350, 0.603604, 0.827586, 0.626761, 0.825911, 0.647727, 0.825911, 0.676329, 0.824950, 0.666667, 0.859259, 0.691489, 0.826613, 0.833333, 0.783133, 0.804348, 0.869565, 0.824658, 0.603604, 0.880000, 0.815668, 
2.5, 0.769923, 0.594595, 0.821501, 0.619718, 0.819838, 0.642045, 0.819838, 0.671498, 0.818913, 0.644444, 0.851852, 0.684397, 0.820565, 0.833333, 0.783133, 0.804348, 0.847826, 0.816438, 0.594595, 0.880000, 0.815668, 
2.6, 0.766067, 0.594595, 0.815416, 0.619718, 0.813765, 0.642045, 0.813765, 0.671498, 0.812877, 0.644444, 0.851852, 0.684397, 0.814516, 0.833333, 0.771084, 0.804348, 0.826087, 0.810959, 0.594595, 0.866667, 0.806452, 
2.7, 0.755784, 0.576577, 0.807302, 0.605634, 0.805668, 0.630682, 0.805668, 0.657005, 0.804829, 0.644444, 0.844444, 0.670213, 0.806452, 0.833333, 0.771084, 0.804348, 0.826087, 0.800000, 0.576577, 0.866667, 0.792627, 
2.8, 0.753213, 0.576577, 0.803245, 0.605634, 0.801619, 0.630682, 0.801619, 0.657005, 0.800805, 0.644444, 0.837037, 0.670213, 0.802419, 0.833333, 0.759036, 0.804348, 0.826087, 0.797260, 0.576577, 0.866667, 0.788018, 
2.9, 0.746787, 0.558559, 0.799189, 0.591549, 0.797571, 0.619318, 0.797571, 0.647343, 0.796781, 0.622222, 0.837037, 0.659574, 0.798387, 0.833333, 0.759036, 0.804348, 0.826087, 0.791781, 0.558559, 0.866667, 0.783410, 
3.0, 0.740360, 0.549550, 0.791075, 0.584507, 0.789474, 0.613636, 0.789474, 0.642512, 0.788732, 0.622222, 0.829630, 0.656028, 0.790323, 0.800000, 0.734940, 0.782609, 0.826087, 0.786301, 0.549550, 0.853333, 0.778802, 
3.1, 0.737789, 0.540541, 0.789047, 0.577465, 0.787449, 0.607955, 0.787449, 0.637681, 0.786720, 0.622222, 0.829630, 0.652482, 0.788306, 0.800000, 0.734940, 0.782609, 0.826087, 0.783562, 0.540541, 0.853333, 0.774194, 
3.2, 0.735219, 0.531532, 0.789047, 0.570423, 0.787449, 0.602273, 0.787449, 0.628019, 0.786720, 0.622222, 0.829630, 0.645390, 0.788306, 0.800000, 0.734940, 0.782609, 0.826087, 0.783562, 0.531532, 0.853333, 0.774194, 
3.3, 0.728792, 0.531532, 0.782961, 0.570423, 0.781377, 0.602273, 0.781377, 0.628019, 0.780684, 0.577778, 0.822222, 0.638298, 0.782258, 0.800000, 0.734940, 0.782609, 0.826087, 0.775342, 0.531532, 0.853333, 0.764977, 
3.4, 0.724936, 0.522523, 0.780933, 0.563380, 0.779352, 0.590909, 0.779352, 0.618357, 0.778672, 0.577778, 0.822222, 0.631206, 0.780242, 0.800000, 0.722892, 0.782609, 0.826087, 0.775342, 0.522523, 0.840000, 0.760369, 
3.5, 0.718509, 0.513514, 0.774848, 0.556338, 0.773279, 0.585227, 0.773279, 0.613527, 0.772636, 0.555556, 0.807407, 0.624113, 0.774194, 0.800000, 0.722892, 0.782609, 0.826087, 0.767123, 0.513514, 0.840000, 0.760369, 
3.6, 0.715934, 0.513514, 0.770780, 0.556338, 0.769220, 0.585227, 0.769220, 0.613527, 0.768601, 0.555556, 0.800000, 0.624113, 0.770151, 0.800000, 0.722892, 0.760870, 0.826087, 0.764384, 0.513514, 0.826452, 0.755732, 
3.7, 0.709495, 0.495495, 0.766713, 0.542254, 0.765161, 0.573864, 0.765161, 0.599034, 0.764567, 0.555556, 0.792593, 0.613475, 0.766108, 0.800000, 0.722892, 0.760870, 0.826087, 0.761644, 0.495495, 0.812903, 0.755732, 
3.8, 0.706920, 0.495495, 0.762646, 0.542254, 0.761102, 0.573864, 0.761102, 0.599034, 0.760532, 0.555556, 0.792593, 0.613475, 0.762065, 0.800000, 0.722892, 0.760870, 0.826087, 0.761644, 0.495495, 0.812903, 0.751096, 
3.9, 0.706920, 0.495495, 0.762646, 0.542254, 0.761102, 0.573864, 0.761102, 0.599034, 0.760532, 0.555556, 0.792593, 0.613475, 0.762065, 0.800000, 0.722892, 0.760870, 0.826087, 0.761644, 0.495495, 0.812903, 0.751096, 
4.0, 0.703050, 0.486486, 0.758567, 0.535211, 0.757032, 0.568182, 0.757032, 0.594203, 0.756486, 0.555556, 0.785115, 0.609929, 0.758012, 0.800000, 0.710639, 0.739130, 0.826087, 0.758894, 0.486486, 0.812903, 0.751096, 
4.1, 0.697890, 0.468468, 0.754489, 0.521127, 0.752962, 0.556818, 0.752962, 0.584541, 0.752441, 0.555556, 0.777638, 0.602837, 0.753958, 0.800000, 0.710639, 0.739130, 0.826087, 0.753395, 0.468468, 0.812903, 0.741823, 
4.2, 0.696600, 0.468468, 0.754489, 0.521127, 0.752962, 0.551136, 0.752962, 0.579710, 0.752441, 0.555556, 0.777638, 0.599291, 0.753958, 0.800000, 0.710639, 0.739130, 0.826087, 0.753395, 0.468468, 0.812903, 0.741823, 
4.3, 0.694015, 0.459459, 0.754489, 0.507042, 0.752962, 0.539773, 0.752962, 0.570048, 0.752441, 0.555556, 0.777638, 0.592199, 0.753958, 0.800000, 0.710639, 0.739130, 0.826087, 0.753395, 0.459459, 0.812903, 0.741823, 
4.4, 0.692723, 0.459459, 0.752444, 0.507042, 0.750921, 0.539773, 0.750921, 0.570048, 0.750413, 0.555556, 0.777638, 0.592199, 0.751926, 0.766667, 0.698387, 0.717391, 0.826087, 0.753395, 0.459459, 0.799355, 0.741823, 
4.7, 0.691431, 0.450450, 0.752444, 0.500000, 0.750921, 0.534091, 0.750921, 0.565217, 0.750413, 0.555556, 0.777638, 0.588652, 0.751926, 0.766667, 0.698387, 0.717391, 0.826087, 0.753395, 0.450450, 0.799355, 0.741823, 
4.8, 0.690138, 0.441441, 0.752444, 0.492958, 0.750921, 0.528409, 0.750921, 0.560386, 0.750413, 0.555556, 0.777638, 0.585106, 0.751926, 0.766667, 0.698387, 0.717391, 0.826087, 0.753395, 0.441441, 0.799355, 0.741823, 
5.1, 0.686261, 0.441441, 0.746310, 0.492958, 0.744799, 0.528409, 0.744799, 0.560386, 0.744329, 0.555556, 0.777638, 0.585106, 0.745829, 0.766667, 0.698387, 0.717391, 0.804348, 0.745116, 0.441441, 0.799355, 0.737187, 
5.3, 0.681091, 0.423423, 0.744265, 0.478873, 0.742759, 0.517045, 0.742759, 0.545894, 0.742300, 0.555556, 0.777638, 0.574468, 0.743797, 0.766667, 0.698387, 0.717391, 0.804348, 0.742356, 0.423423, 0.799355, 0.732550, 
5.4, 0.675922, 0.405405, 0.742221, 0.464789, 0.740718, 0.505682, 0.740718, 0.531401, 0.740272, 0.555556, 0.777638, 0.563830, 0.741765, 0.766667, 0.698387, 0.717391, 0.782609, 0.739597, 0.405405, 0.799355, 0.732550, 
5.5, 0.674629, 0.405405, 0.742221, 0.464789, 0.740718, 0.505682, 0.740718, 0.531401, 0.740272, 0.555556, 0.777638, 0.560284, 0.741765, 0.766667, 0.698387, 0.717391, 0.782609, 0.739597, 0.405405, 0.799355, 0.732550, 
5.6, 0.673337, 0.405405, 0.742221, 0.457746, 0.740718, 0.500000, 0.740718, 0.526570, 0.740272, 0.555556, 0.777638, 0.556738, 0.741765, 0.766667, 0.698387, 0.717391, 0.782609, 0.739597, 0.405405, 0.799355, 0.732550, 
5.7, 0.670752, 0.396396, 0.740176, 0.450704, 0.738678, 0.494318, 0.738678, 0.521739, 0.738244, 0.555556, 0.777638, 0.553191, 0.739732, 0.766667, 0.686134, 0.695652, 0.782609, 0.739597, 0.396396, 0.785806, 0.727914, 
5.9, 0.670752, 0.396396, 0.740176, 0.450704, 0.738678, 0.494318, 0.738678, 0.521739, 0.738244, 0.555556, 0.777638, 0.553191, 0.739732, 0.766667, 0.686134, 0.695652, 0.782609, 0.739597, 0.396396, 0.785806, 0.727914, 
6.0, 0.664265, 0.378378, 0.736064, 0.436620, 0.734574, 0.482955, 0.734574, 0.507246, 0.734165, 0.555556, 0.777638, 0.542553, 0.735646, 0.766667, 0.686134, 0.695652, 0.782609, 0.734036, 0.378378, 0.785806, 0.723278, 
6.1, 0.660366, 0.369369, 0.731940, 0.429577, 0.730459, 0.477273, 0.730459, 0.502415, 0.730075, 0.555556, 0.769939, 0.539007, 0.731547, 0.766667, 0.686134, 0.695652, 0.782609, 0.731255, 0.369369, 0.772258, 0.714005, 
6.2, 0.660366, 0.369369, 0.731940, 0.429577, 0.730459, 0.477273, 0.730459, 0.502415, 0.730075, 0.555556, 0.769939, 0.539007, 0.731547, 0.766667, 0.686134, 0.695652, 0.782609, 0.731255, 0.369369, 0.772258, 0.714005, 
6.3, 0.659063, 0.369369, 0.731940, 0.429577, 0.730459, 0.477273, 0.730459, 0.502415, 0.730075, 0.555556, 0.769939, 0.535461, 0.731547, 0.766667, 0.686134, 0.695652, 0.782609, 0.731255, 0.369369, 0.772258, 0.714005, 
6.4, 0.656458, 0.351351, 0.731940, 0.415493, 0.730459, 0.465909, 0.730459, 0.492754, 0.730075, 0.555556, 0.769939, 0.528369, 0.731547, 0.766667, 0.686134, 0.695652, 0.782609, 0.731255, 0.351351, 0.772258, 0.714005, 
6.5, 0.653853, 0.351351, 0.729873, 0.415493, 0.728395, 0.460227, 0.728395, 0.487923, 0.728025, 0.555556, 0.762239, 0.524823, 0.729492, 0.766667, 0.686134, 0.695652, 0.782609, 0.728464, 0.351351, 0.772258, 0.709338, 
6.6, 0.652548, 0.351351, 0.727799, 0.415493, 0.726326, 0.460227, 0.726326, 0.487923, 0.725968, 0.555556, 0.754540, 0.524823, 0.727432, 0.766667, 0.686134, 0.695652, 0.782609, 0.725662, 0.351351, 0.772258, 0.709338, 
6.8, 0.648625, 0.342342, 0.727799, 0.408451, 0.726326, 0.454545, 0.726326, 0.483092, 0.725968, 0.533333, 0.754540, 0.514184, 0.727432, 0.766667, 0.686134, 0.695652, 0.782609, 0.725662, 0.342342, 0.772258, 0.709338, 
6.9, 0.644702, 0.342342, 0.723640, 0.408451, 0.722176, 0.454545, 0.722176, 0.478261, 0.721843, 0.533333, 0.754540, 0.510638, 0.723299, 0.766667, 0.686134, 0.695652, 0.760870, 0.722850, 0.342342, 0.758710, 0.704609, 
7.0, 0.642081, 0.333333, 0.723640, 0.394366, 0.722176, 0.443182, 0.722176, 0.468599, 0.721843, 0.533333, 0.754540, 0.503546, 0.723299, 0.766667, 0.686134, 0.695652, 0.760870, 0.722850, 0.333333, 0.758710, 0.704609, 
7.2, 0.639460, 0.333333, 0.719470, 0.394366, 0.718013, 0.443182, 0.718013, 0.468599, 0.717707, 0.533333, 0.746761, 0.503546, 0.719154, 0.766667, 0.686134, 0.695652, 0.760870, 0.720026, 0.333333, 0.745161, 0.699848, 
7.4, 0.638150, 0.333333, 0.717384, 0.394366, 0.715932, 0.443182, 0.715932, 0.468599, 0.715638, 0.533333, 0.746761, 0.503546, 0.717081, 0.766667, 0.686134, 0.695652, 0.760870, 0.717202, 0.333333, 0.745161, 0.699848, 
7.5, 0.634219, 0.324324, 0.715299, 0.387324, 0.713851, 0.437500, 0.713851, 0.463768, 0.713570, 0.511111, 0.746761, 0.496454, 0.715009, 0.766667, 0.686134, 0.695652, 0.760870, 0.714379, 0.324324, 0.745161, 0.695087, 
7.6, 0.630288, 0.324324, 0.709042, 0.387324, 0.707607, 0.437500, 0.707607, 0.463768, 0.707365, 0.511111, 0.738982, 0.496454, 0.708791, 0.766667, 0.686134, 0.695652, 0.760870, 0.705908, 0.324324, 0.745161, 0.685566, 
7.8, 0.627667, 0.315315, 0.706957, 0.380282, 0.705526, 0.431818, 0.705526, 0.458937, 0.705297, 0.511111, 0.738982, 0.492908, 0.706719, 0.766667, 0.686134, 0.695652, 0.760870, 0.703084, 0.315315, 0.745161, 0.680805, 
8.0, 0.626356, 0.315315, 0.704872, 0.380282, 0.703445, 0.431818, 0.703445, 0.458937, 0.703228, 0.511111, 0.738982, 0.492908, 0.704646, 0.766667, 0.686134, 0.695652, 0.760870, 0.700261, 0.315315, 0.745161, 0.676044, 
8.5, 0.625046, 0.315315, 0.702786, 0.380282, 0.701364, 0.431818, 0.701364, 0.458937, 0.701160, 0.511111, 0.738982, 0.492908, 0.702574, 0.733333, 0.673659, 0.695652, 0.760870, 0.700261, 0.315315, 0.731613, 0.676044, 
8.6, 0.623733, 0.315315, 0.702786, 0.380282, 0.701364, 0.431818, 0.701364, 0.458937, 0.701160, 0.488889, 0.738982, 0.489362, 0.702574, 0.733333, 0.673659, 0.695652, 0.760870, 0.700261, 0.315315, 0.731613, 0.676044, 
8.8, 0.622412, 0.306306, 0.702786, 0.373239, 0.701364, 0.426136, 0.701364, 0.454055, 0.701160, 0.488889, 0.738982, 0.485790, 0.702574, 0.733333, 0.673659, 0.695652, 0.760870, 0.700261, 0.306306, 0.731613, 0.676044, 
8.9, 0.619769, 0.297297, 0.700682, 0.366197, 0.699264, 0.420455, 0.699264, 0.449173, 0.699073, 0.488889, 0.738982, 0.482218, 0.700483, 0.733333, 0.673659, 0.695652, 0.760870, 0.697414, 0.297297, 0.731613, 0.671283, 
9.0, 0.615804, 0.279279, 0.700682, 0.352113, 0.699264, 0.403409, 0.699264, 0.434526, 0.699073, 0.488889, 0.738982, 0.471502, 0.700483, 0.733333, 0.673659, 0.695652, 0.760870, 0.697414, 0.279279, 0.731613, 0.671283, 
9.2, 0.614483, 0.279279, 0.700682, 0.352113, 0.699264, 0.403409, 0.699264, 0.429643, 0.699073, 0.488889, 0.738982, 0.467930, 0.700483, 0.733333, 0.673659, 0.695652, 0.760870, 0.697414, 0.279279, 0.731613, 0.671283, 
9.4, 0.613161, 0.279279, 0.700682, 0.345070, 0.699264, 0.397727, 0.699264, 0.424761, 0.699073, 0.488889, 0.738982, 0.464358, 0.700483, 0.733333, 0.673659, 0.695652, 0.760870, 0.697414, 0.279279, 0.731613, 0.671283, 
9.5, 0.611840, 0.270270, 0.700682, 0.338028, 0.699264, 0.392045, 0.699264, 0.419879, 0.699073, 0.488889, 0.738982, 0.460786, 0.700483, 0.733333, 0.673659, 0.695652, 0.760870, 0.697414, 0.270270, 0.731613, 0.671283, 
9.6, 0.611840, 0.270270, 0.700682, 0.338028, 0.699264, 0.392045, 0.699264, 0.419879, 0.699073, 0.488889, 0.738982, 0.460786, 0.700483, 0.733333, 0.673659, 0.695652, 0.760870, 0.697414, 0.270270, 0.731613, 0.671283, 
9.8, 0.610513, 0.270270, 0.698565, 0.338028, 0.697151, 0.392045, 0.697151, 0.419879, 0.696974, 0.488889, 0.738982, 0.460786, 0.698379, 0.733333, 0.673659, 0.695652, 0.760870, 0.694556, 0.270270, 0.731613, 0.666522, 
10.1, 0.609182, 0.270270, 0.696442, 0.338028, 0.695032, 0.392045, 0.695032, 0.419879, 0.694868, 0.488889, 0.738982, 0.460786, 0.696269, 0.733333, 0.660704, 0.673913, 0.760870, 0.694556, 0.270270, 0.731613, 0.666522, 
10.2, 0.606516, 0.261261, 0.694312, 0.330986, 0.692907, 0.386364, 0.692907, 0.414996, 0.692756, 0.488889, 0.731036, 0.457214, 0.694153, 0.733333, 0.660704, 0.673913, 0.760870, 0.691686, 0.261261, 0.731613, 0.666522, 
10.5, 0.606516, 0.261261, 0.694312, 0.330986, 0.692907, 0.386364, 0.692907, 0.414996, 0.692756, 0.488889, 0.731036, 0.457214, 0.694153, 0.733333, 0.660704, 0.673913, 0.760870, 0.691686, 0.261261, 0.731613, 0.666522, 
10.6, 0.605181, 0.261261, 0.694312, 0.330986, 0.692907, 0.386364, 0.692907, 0.414996, 0.692756, 0.488889, 0.731036, 0.453614, 0.694153, 0.733333, 0.660704, 0.673913, 0.760870, 0.691686, 0.261261, 0.731613, 0.666522, 
10.8, 0.603842, 0.252252, 0.694312, 0.323791, 0.692907, 0.380597, 0.692907, 0.410056, 0.692756, 0.488889, 0.731036, 0.450014, 0.694153, 0.733333, 0.660704, 0.673913, 0.760870, 0.691686, 0.252252, 0.731613, 0.666522, 
10.9, 0.603842, 0.252252, 0.694312, 0.323791, 0.692907, 0.380597, 0.692907, 0.410056, 0.692756, 0.488889, 0.731036, 0.450014, 0.694153, 0.733333, 0.660704, 0.673913, 0.760870, 0.691686, 0.252252, 0.731613, 0.666522, 
11.0, 0.602494, 0.252252, 0.692156, 0.323791, 0.690755, 0.380597, 0.690755, 0.410056, 0.690618, 0.488889, 0.731036, 0.450014, 0.692010, 0.733333, 0.660704, 0.673913, 0.760870, 0.688767, 0.252252, 0.731613, 0.661585, 
11.1, 0.601146, 0.243243, 0.692156, 0.316595, 0.690755, 0.374830, 0.690755, 0.405116, 0.690618, 0.488889, 0.731036, 0.446414, 0.692010, 0.733333, 0.660704, 0.673913, 0.760870, 0.688767, 0.243243, 0.731613, 0.661585, 
11.2, 0.601146, 0.243243, 0.692156, 0.316595, 0.690755, 0.374830, 0.690755, 0.405116, 0.690618, 0.488889, 0.731036, 0.446414, 0.692010, 0.733333, 0.660704, 0.673913, 0.760870, 0.688767, 0.243243, 0.731613, 0.661585, 
11.3, 0.599789, 0.243243, 0.692156, 0.316595, 0.690755, 0.374830, 0.690755, 0.400175, 0.690618, 0.488889, 0.731036, 0.442813, 0.692010, 0.733333, 0.660704, 0.673913, 0.760870, 0.688767, 0.243243, 0.731613, 0.661585, 
11.4, 0.598429, 0.234234, 0.692156, 0.309233, 0.690755, 0.368974, 0.690755, 0.395173, 0.690618, 0.488889, 0.731036, 0.439184, 0.692010, 0.733333, 0.660704, 0.673913, 0.760870, 0.688767, 0.234234, 0.731613, 0.661585, 
11.8, 0.597066, 0.234234, 0.692156, 0.301870, 0.690755, 0.363117, 0.690755, 0.390171, 0.690618, 0.488889, 0.731036, 0.435554, 0.692010, 0.733333, 0.660704, 0.673913, 0.760870, 0.688767, 0.234234, 0.731613, 0.661585, 
11.9, 0.597066, 0.234234, 0.692156, 0.301870, 0.690755, 0.363117, 0.690755, 0.390171, 0.690618, 0.488889, 0.731036, 0.435554, 0.692010, 0.733333, 0.660704, 0.673913, 0.760870, 0.688767, 0.234234, 0.731613, 0.661585, 
12.0, 0.595699, 0.225225, 0.692156, 0.294507, 0.690755, 0.357260, 0.690755, 0.385169, 0.690618, 0.488889, 0.731036, 0.431925, 0.692010, 0.733333, 0.660704, 0.673913, 0.760870, 0.688767, 0.225225, 0.731613, 0.661585, 
12.1, 0.595699, 0.225225, 0.692156, 0.294507, 0.690755, 0.357260, 0.690755, 0.385169, 0.690618, 0.488889, 0.731036, 0.431925, 0.692010, 0.733333, 0.660704, 0.673913, 0.760870, 0.688767, 0.225225, 0.731613, 0.661585, 
12.2, 0.595699, 0.225225, 0.692156, 0.294507, 0.690755, 0.357260, 0.690755, 0.385169, 0.690618, 0.488889, 0.731036, 0.431925, 0.692010, 0.733333, 0.660704, 0.673913, 0.760870, 0.688767, 0.225225, 0.731613, 0.661585, 
12.3, 0.594320, 0.225225, 0.689945, 0.294507, 0.688548, 0.357260, 0.688548, 0.385169, 0.688426, 0.488889, 0.722822, 0.431925, 0.689814, 0.733333, 0.660704, 0.673913, 0.760870, 0.685773, 0.225225, 0.731613, 0.661585, 
12.4, 0.591550, 0.225225, 0.685508, 0.294507, 0.684120, 0.357260, 0.684120, 0.385169, 0.684027, 0.488889, 0.714609, 0.431925, 0.685406, 0.733333, 0.647490, 0.673913, 0.760870, 0.682765, 0.225225, 0.731613, 0.656573, 
12.5, 0.590164, 0.225225, 0.683289, 0.294507, 0.681906, 0.357260, 0.681906, 0.385169, 0.681827, 0.488889, 0.714609, 0.431925, 0.683202, 0.733333, 0.647490, 0.673913, 0.760870, 0.679757, 0.225225, 0.731613, 0.651561, 
12.6, 0.586008, 0.225225, 0.681071, 0.286956, 0.679692, 0.345352, 0.679692, 0.374897, 0.679628, 0.488889, 0.714609, 0.424541, 0.680998, 0.733333, 0.647490, 0.673913, 0.760870, 0.679757, 0.225225, 0.731613, 0.646549, 
12.7, 0.586008, 0.225225, 0.681071, 0.286956, 0.679692, 0.345352, 0.679692, 0.374897, 0.679628, 0.488889, 0.714609, 0.424541, 0.680998, 0.733333, 0.647490, 0.673913, 0.760870, 0.679757, 0.225225, 0.731613, 0.646549, 
12.8, 0.584620, 0.225225, 0.678852, 0.286956, 0.677478, 0.345352, 0.677478, 0.374897, 0.677428, 0.488889, 0.714609, 0.424541, 0.678794, 0.733333, 0.647490, 0.652174, 0.760870, 0.679757, 0.225225, 0.717543, 0.641537, 
12.9, 0.583228, 0.225225, 0.676626, 0.286956, 0.675257, 0.345352, 0.675257, 0.374897, 0.675222, 0.488889, 0.714609, 0.424541, 0.676583, 0.733333, 0.634276, 0.652174, 0.760870, 0.679757, 0.225225, 0.703474, 0.641537, 
13.0, 0.581829, 0.216216, 0.676626, 0.279404, 0.675257, 0.339293, 0.675257, 0.369690, 0.675222, 0.488889, 0.714609, 0.420817, 0.676583, 0.733333, 0.634276, 0.652174, 0.760870, 0.679757, 0.216216, 0.703474, 0.641537, 
13.1, 0.578998, 0.198198, 0.676626, 0.263882, 0.675257, 0.326955, 0.675257, 0.359128, 0.675222, 0.488889, 0.714609, 0.413303, 0.676583, 0.733333, 0.634276, 0.652174, 0.760870, 0.679757, 0.198198, 0.703474, 0.641537, 
13.2, 0.576153, 0.180180, 0.676626, 0.248359, 0.675257, 0.314617, 0.675257, 0.348565, 0.675222, 0.488889, 0.714609, 0.405788, 0.676583, 0.733333, 0.634276, 0.652174, 0.760870, 0.679757, 0.180180, 0.703474, 0.641537, 
13.3, 0.574719, 0.171171, 0.676626, 0.240598, 0.675257, 0.308448, 0.675257, 0.343284, 0.675222, 0.488889, 0.714609, 0.402031, 0.676583, 0.733333, 0.634276, 0.652174, 0.760870, 0.679757, 0.171171, 0.703474, 0.641537, 
13.5, 0.571853, 0.171171, 0.672008, 0.240598, 0.670647, 0.308448, 0.670647, 0.343284, 0.670644, 0.488889, 0.714609, 0.402031, 0.671996, 0.696667, 0.620181, 0.627090, 0.760870, 0.676639, 0.171171, 0.688506, 0.636278, 
13.6, 0.570420, 0.162162, 0.672008, 0.232837, 0.670647, 0.302279, 0.670647, 0.338003, 0.670644, 0.488889, 0.714609, 0.398273, 0.671996, 0.696667, 0.620181, 0.627090, 0.760870, 0.676639, 0.162162, 0.688506, 0.636278, 
13.7, 0.570420, 0.162162, 0.672008, 0.232837, 0.670647, 0.302279, 0.670647, 0.338003, 0.670644, 0.488889, 0.714609, 0.398273, 0.671996, 0.696667, 0.620181, 0.627090, 0.760870, 0.676639, 0.162162, 0.688506, 0.636278, 
13.8, 0.568979, 0.162162, 0.672008, 0.224808, 0.670647, 0.295982, 0.670647, 0.332638, 0.670644, 0.488889, 0.714609, 0.394480, 0.671996, 0.696667, 0.620181, 0.627090, 0.760870, 0.676639, 0.162162, 0.688506, 0.636278, 
13.9, 0.567535, 0.152623, 0.672008, 0.216779, 0.670647, 0.289684, 0.670647, 0.327272, 0.670644, 0.488889, 0.714609, 0.390687, 0.671996, 0.696667, 0.620181, 0.627090, 0.760870, 0.676639, 0.152623, 0.688506, 0.636278, 
14.0, 0.564647, 0.133545, 0.672008, 0.200721, 0.670647, 0.277089, 0.670647, 0.316542, 0.670644, 0.488889, 0.714609, 0.383101, 0.671996, 0.696667, 0.620181, 0.627090, 0.760870, 0.676639, 0.133545, 0.688506, 0.636278, 
14.1, 0.564647, 0.133545, 0.672008, 0.200721, 0.670647, 0.277089, 0.670647, 0.316542, 0.670644, 0.488889, 0.714609, 0.383101, 0.671996, 0.696667, 0.620181, 0.627090, 0.760870, 0.676639, 0.133545, 0.688506, 0.636278, 
14.2, 0.564647, 0.133545, 0.672008, 0.200721, 0.670647, 0.277089, 0.670647, 0.316542, 0.670644, 0.488889, 0.714609, 0.383101, 0.671996, 0.696667, 0.620181, 0.627090, 0.760870, 0.676639, 0.133545, 0.688506, 0.636278, 
14.3, 0.564647, 0.133545, 0.672008, 0.200721, 0.670647, 0.277089, 0.670647, 0.316542, 0.670644, 0.488889, 0.714609, 0.383101, 0.671996, 0.696667, 0.620181, 0.627090, 0.760870, 0.676639, 0.133545, 0.688506, 0.636278, 
14.4, 0.563153, 0.124006, 0.672008, 0.192693, 0.670647, 0.270645, 0.670647, 0.311085, 0.670644, 0.488889, 0.714609, 0.379270, 0.671996, 0.696667, 0.620181, 0.627090, 0.760870, 0.676639, 0.124006, 0.688506, 0.636278, 
14.5, 0.563153, 0.124006, 0.672008, 0.192693, 0.670647, 0.270645, 0.670647, 0.311085, 0.670644, 0.488889, 0.714609, 0.379270, 0.671996, 0.696667, 0.620181, 0.627090, 0.760870, 0.676639, 0.124006, 0.688506, 0.636278, 
14.6, 0.563153, 0.124006, 0.672008, 0.192693, 0.670647, 0.270645, 0.670647, 0.311085, 0.670644, 0.488889, 0.714609, 0.379270, 0.671996, 0.696667, 0.620181, 0.627090, 0.760870, 0.676639, 0.124006, 0.688506, 0.636278, 
14.7, 0.561647, 0.114467, 0.672008, 0.184315, 0.670647, 0.264044, 0.670647, 0.305530, 0.670644, 0.488889, 0.714609, 0.375400, 0.671996, 0.696667, 0.620181, 0.627090, 0.760870, 0.676639, 0.114467, 0.688506, 0.636278, 
14.8, 0.560125, 0.114467, 0.669546, 0.184315, 0.668191, 0.264044, 0.668191, 0.305530, 0.668196, 0.488889, 0.714609, 0.375400, 0.669544, 0.696667, 0.620181, 0.627090, 0.760870, 0.673289, 0.114467, 0.688506, 0.636278, 
15.0, 0.558595, 0.114467, 0.667066, 0.184315, 0.665716, 0.264044, 0.665716, 0.305530, 0.665731, 0.488889, 0.705676, 0.375400, 0.667073, 0.696667, 0.620181, 0.627090, 0.760870, 0.669923, 0.114467, 0.688506, 0.636278, 
15.2, 0.558595, 0.114467, 0.667066, 0.184315, 0.665716, 0.264044, 0.665716, 0.305530, 0.665731, 0.488889, 0.705676, 0.375400, 0.667073, 0.696667, 0.620181, 0.627090, 0.760870, 0.669923, 0.114467, 0.688506, 0.636278, 
15.3, 0.557052, 0.104928, 0.667066, 0.175538, 0.665716, 0.257274, 0.665716, 0.299872, 0.665731, 0.488889, 0.705676, 0.371448, 0.667073, 0.696667, 0.620181, 0.627090, 0.760870, 0.669923, 0.104928, 0.688506, 0.636278, 
15.4, 0.555500, 0.104928, 0.664549, 0.175538, 0.663204, 0.257274, 0.663204, 0.299872, 0.663228, 0.488889, 0.705676, 0.371448, 0.664565, 0.696667, 0.620181, 0.627090, 0.760870, 0.666505, 0.104928, 0.688506, 0.630546, 
15.5, 0.552388, 0.095390, 0.664549, 0.166761, 0.663204, 0.250503, 0.663204, 0.288556, 0.663228, 0.488889, 0.705676, 0.363545, 0.664565, 0.696667, 0.620181, 0.627090, 0.760870, 0.666505, 0.095390, 0.688506, 0.630546, 
15.6, 0.552388, 0.095390, 0.664549, 0.166761, 0.663204, 0.250503, 0.663204, 0.288556, 0.663228, 0.488889, 0.705676, 0.363545, 0.664565, 0.696667, 0.620181, 0.627090, 0.760870, 0.666505, 0.095390, 0.688506, 0.630546, 
15.7, 0.552388, 0.095390, 0.664549, 0.166761, 0.663204, 0.250503, 0.663204, 0.288556, 0.663228, 0.488889, 0.705676, 0.363545, 0.664565, 0.696667, 0.620181, 0.627090, 0.760870, 0.666505, 0.095390, 0.688506, 0.630546, 
15.8, 0.552388, 0.095390, 0.664549, 0.166761, 0.663204, 0.250503, 0.663204, 0.288556, 0.663228, 0.488889, 0.705676, 0.363545, 0.664565, 0.696667, 0.620181, 0.627090, 0.760870, 0.666505, 0.095390, 0.688506, 0.630546, 
15.9, 0.550778, 0.085851, 0.664549, 0.157496, 0.663204, 0.243545, 0.663204, 0.282785, 0.663228, 0.488889, 0.705676, 0.359506, 0.664565, 0.696667, 0.620181, 0.627090, 0.760870, 0.666505, 0.085851, 0.688506, 0.630546, 
16.0, 0.549158, 0.085851, 0.664549, 0.148232, 0.663204, 0.236586, 0.663204, 0.277013, 0.663228, 0.488889, 0.705676, 0.355374, 0.664565, 0.696667, 0.620181, 0.627090, 0.760870, 0.666505, 0.085851, 0.688506, 0.630546, 
16.1, 0.547528, 0.085851, 0.661902, 0.148232, 0.660562, 0.236586, 0.660562, 0.277013, 0.660596, 0.488889, 0.705676, 0.355374, 0.661928, 0.696667, 0.620181, 0.595736, 0.760870, 0.666505, 0.085851, 0.671714, 0.624483, 
16.2, 0.544230, 0.076312, 0.659211, 0.138967, 0.657877, 0.229628, 0.657877, 0.271242, 0.657922, 0.488889, 0.705676, 0.351241, 0.659248, 0.696667, 0.620181, 0.595736, 0.760870, 0.666505, 0.076312, 0.671714, 0.618361, 
16.3, 0.544230, 0.076312, 0.659211, 0.138967, 0.657877, 0.229628, 0.657877, 0.271242, 0.657922, 0.488889, 0.705676, 0.351241, 0.659248, 0.696667, 0.620181, 0.595736, 0.760870, 0.666505, 0.076312, 0.671714, 0.618361, 
16.4, 0.542545, 0.076312, 0.659211, 0.138967, 0.657877, 0.229628, 0.657877, 0.265215, 0.657922, 0.488889, 0.705676, 0.347010, 0.659248, 0.696667, 0.620181, 0.595736, 0.760870, 0.666505, 0.076312, 0.671714, 0.618361, 
16.5, 0.542545, 0.076312, 0.659211, 0.138967, 0.657877, 0.229628, 0.657877, 0.265215, 0.657922, 0.488889, 0.705676, 0.347010, 0.659248, 0.696667, 0.620181, 0.595736, 0.760870, 0.666505, 0.076312, 0.671714, 0.618361, 
16.6, 0.542545, 0.076312, 0.659211, 0.138967, 0.657877, 0.229628, 0.657877, 0.265215, 0.657922, 0.488889, 0.705676, 0.347010, 0.659248, 0.696667, 0.620181, 0.595736, 0.760870, 0.666505, 0.076312, 0.671714, 0.618361, 
16.7, 0.542545, 0.076312, 0.659211, 0.138967, 0.657877, 0.229628, 0.657877, 0.265215, 0.657922, 0.488889, 0.705676, 0.347010, 0.659248, 0.696667, 0.620181, 0.595736, 0.760870, 0.666505, 0.076312, 0.671714, 0.618361, 
16.8, 0.540783, 0.065410, 0.659211, 0.129041, 0.657877, 0.222221, 0.657877, 0.259047, 0.657922, 0.488889, 0.705676, 0.342503, 0.659248, 0.696667, 0.620181, 0.595736, 0.760870, 0.666505, 0.065410, 0.671714, 0.618361, 
17.0, 0.540783, 0.065410, 0.659211, 0.129041, 0.657877, 0.222221, 0.657877, 0.259047, 0.657922, 0.488889, 0.705676, 0.342503, 0.659248, 0.696667, 0.620181, 0.595736, 0.760870, 0.666505, 0.065410, 0.671714, 0.618361, 
17.1, 0.540783, 0.065410, 0.659211, 0.129041, 0.657877, 0.222221, 0.657877, 0.259047, 0.657922, 0.488889, 0.705676, 0.342503, 0.659248, 0.696667, 0.620181, 0.595736, 0.760870, 0.666505, 0.065410, 0.671714, 0.618361, 
17.2, 0.540783, 0.065410, 0.659211, 0.129041, 0.657877, 0.222221, 0.657877, 0.259047, 0.657922, 0.488889, 0.705676, 0.342503, 0.659248, 0.696667, 0.620181, 0.595736, 0.760870, 0.666505, 0.065410, 0.671714, 0.618361, 
17.3, 0.540783, 0.065410, 0.659211, 0.129041, 0.657877, 0.222221, 0.657877, 0.259047, 0.657922, 0.488889, 0.705676, 0.342503, 0.659248, 0.696667, 0.620181, 0.595736, 0.760870, 0.666505, 0.065410, 0.671714, 0.618361, 
17.4, 0.538919, 0.065410, 0.656215, 0.129041, 0.654886, 0.222221, 0.654886, 0.259047, 0.654945, 0.488889, 0.705676, 0.342503, 0.656265, 0.696667, 0.620181, 0.595736, 0.731605, 0.662391, 0.065410, 0.671714, 0.618361, 
17.5, 0.538919, 0.065410, 0.656215, 0.129041, 0.654886, 0.222221, 0.654886, 0.259047, 0.654945, 0.488889, 0.705676, 0.342503, 0.656265, 0.696667, 0.620181, 0.595736, 0.731605, 0.662391, 0.065410, 0.671714, 0.618361, 
17.6, 0.537034, 0.065410, 0.653177, 0.129041, 0.651854, 0.222221, 0.651854, 0.259047, 0.651926, 0.488889, 0.705676, 0.342503, 0.653241, 0.696667, 0.620181, 0.595736, 0.731605, 0.658276, 0.065410, 0.671714, 0.611413, 
17.7, 0.537034, 0.065410, 0.653177, 0.129041, 0.651854, 0.222221, 0.651854, 0.259047, 0.651926, 0.488889, 0.705676, 0.342503, 0.653241, 0.696667, 0.620181, 0.595736, 0.731605, 0.658276, 0.065410, 0.671714, 0.611413, 
17.8, 0.535123, 0.065410, 0.650095, 0.129041, 0.648779, 0.222221, 0.648779, 0.259047, 0.648866, 0.488889, 0.705676, 0.342503, 0.650174, 0.643077, 0.600800, 0.595736, 0.731605, 0.658276, 0.065410, 0.651957, 0.611413, 
17.9, 0.531245, 0.065410, 0.647000, 0.129041, 0.645690, 0.212559, 0.645690, 0.251646, 0.645791, 0.488889, 0.705676, 0.337313, 0.647093, 0.584615, 0.580774, 0.595736, 0.731605, 0.658276, 0.065410, 0.651957, 0.611413, 
18.0, 0.531245, 0.065410, 0.647000, 0.129041, 0.645690, 0.212559, 0.645690, 0.251646, 0.645791, 0.488889, 0.705676, 0.337313, 0.647093, 0.584615, 0.580774, 0.595736, 0.731605, 0.658276, 0.065410, 0.651957, 0.611413, 
18.1, 0.527339, 0.032705, 0.643889, 0.112911, 0.642586, 0.202437, 0.642586, 0.244020, 0.642701, 0.488889, 0.705676, 0.332043, 0.643996, 0.584615, 0.580774, 0.595736, 0.731605, 0.654084, 0.032705, 0.651957, 0.611413, 
18.2, 0.525364, 0.032705, 0.640748, 0.112911, 0.639451, 0.202437, 0.639451, 0.244020, 0.639581, 0.488889, 0.705676, 0.332043, 0.640870, 0.584615, 0.580774, 0.560693, 0.731605, 0.654084, 0.032705, 0.651957, 0.611413, 
18.3, 0.525364, 0.032705, 0.640748, 0.112911, 0.639451, 0.202437, 0.639451, 0.244020, 0.639581, 0.488889, 0.705676, 0.332043, 0.640870, 0.584615, 0.580774, 0.560693, 0.731605, 0.654084, 0.032705, 0.651957, 0.611413, 
18.4, 0.523359, 0.032705, 0.637560, 0.112911, 0.636270, 0.202437, 0.636270, 0.244020, 0.636415, 0.488889, 0.705676, 0.332043, 0.637698, 0.584615, 0.580774, 0.560693, 0.731605, 0.649808, 0.032705, 0.651957, 0.604220, 
18.5, 0.523359, 0.032705, 0.637560, 0.112911, 0.636270, 0.202437, 0.636270, 0.244020, 0.636415, 0.488889, 0.705676, 0.332043, 0.637698, 0.584615, 0.580774, 0.560693, 0.731605, 0.649808, 0.032705, 0.651957, 0.604220, 
18.6, 0.523359, 0.032705, 0.637560, 0.112911, 0.636270, 0.202437, 0.636270, 0.244020, 0.636415, 0.488889, 0.705676, 0.332043, 0.637698, 0.584615, 0.580774, 0.560693, 0.731605, 0.649808, 0.032705, 0.651957, 0.604220, 
18.7, 0.523359, 0.032705, 0.637560, 0.112911, 0.636270, 0.202437, 0.636270, 0.244020, 0.636415, 0.488889, 0.705676, 0.332043, 0.637698, 0.584615, 0.580774, 0.560693, 0.731605, 0.649808, 0.032705, 0.651957, 0.604220, 
18.8, 0.523359, 0.032705, 0.637560, 0.112911, 0.636270, 0.202437, 0.636270, 0.244020, 0.636415, 0.488889, 0.705676, 0.332043, 0.637698, 0.584615, 0.580774, 0.560693, 0.731605, 0.649808, 0.032705, 0.651957, 0.604220, 
18.9, 0.523359, 0.032705, 0.637560, 0.112911, 0.636270, 0.202437, 0.636270, 0.244020, 0.636415, 0.488889, 0.705676, 0.332043, 0.637698, 0.584615, 0.580774, 0.560693, 0.731605, 0.649808, 0.032705, 0.651957, 0.604220, 
19.0, 0.523359, 0.032705, 0.637560, 0.112911, 0.636270, 0.202437, 0.636270, 0.244020, 0.636415, 0.488889, 0.705676, 0.332043, 0.637698, 0.584615, 0.580774, 0.560693, 0.731605, 0.649808, 0.032705, 0.651957, 0.604220, 
19.1, 0.521132, 0.032705, 0.634057, 0.112911, 0.632774, 0.202437, 0.632774, 0.244020, 0.632918, 0.488889, 0.705676, 0.332043, 0.634194, 0.584615, 0.580774, 0.560693, 0.731605, 0.645100, 0.032705, 0.651957, 0.604220, 
19.2, 0.518866, 0.032705, 0.634057, 0.112911, 0.632774, 0.202437, 0.632774, 0.244020, 0.632918, 0.488889, 0.705676, 0.325658, 0.634194, 0.584615, 0.580774, 0.560693, 0.731605, 0.645100, 0.032705, 0.651957, 0.604220, 
19.3, 0.516580, 0.032705, 0.630475, 0.112911, 0.629199, 0.202437, 0.629199, 0.244020, 0.629342, 0.488889, 0.705676, 0.325658, 0.630611, 0.584615, 0.580774, 0.560693, 0.698351, 0.640249, 0.032705, 0.651957, 0.604220, 
19.4, 0.514253, 0.032705, 0.626831, 0.112911, 0.625562, 0.202437, 0.625562, 0.244020, 0.625704, 0.488889, 0.705676, 0.325658, 0.626966, 0.584615, 0.580774, 0.523313, 0.698351, 0.640249, 0.032705, 0.630225, 0.604220, 
19.5, 0.514253, 0.032705, 0.626831, 0.112911, 0.625562, 0.202437, 0.625562, 0.244020, 0.625704, 0.488889, 0.705676, 0.325658, 0.626966, 0.584615, 0.580774, 0.523313, 0.698351, 0.640249, 0.032705, 0.630225, 0.604220, 
19.6, 0.514253, 0.032705, 0.626831, 0.112911, 0.625562, 0.202437, 0.625562, 0.244020, 0.625704, 0.488889, 0.705676, 0.325658, 0.626966, 0.584615, 0.580774, 0.523313, 0.698351, 0.640249, 0.032705, 0.630225, 0.604220, 
19.7, 0.511816, 0.032705, 0.626831, 0.112911, 0.625562, 0.202437, 0.625562, 0.244020, 0.625704, 0.461728, 0.705676, 0.319011, 0.626966, 0.584615, 0.580774, 0.523313, 0.698351, 0.640249, 0.032705, 0.630225, 0.604220, 
19.8, 0.509367, 0.032705, 0.622961, 0.112911, 0.621700, 0.202437, 0.621700, 0.244020, 0.621842, 0.461728, 0.692105, 0.319011, 0.623095, 0.584615, 0.580774, 0.523313, 0.698351, 0.635044, 0.032705, 0.630225, 0.595588, 
19.9, 0.509367, 0.032705, 0.622961, 0.112911, 0.621700, 0.202437, 0.621700, 0.244020, 0.621842, 0.461728, 0.692105, 0.319011, 0.623095, 0.584615, 0.580774, 0.523313, 0.698351, 0.635044, 0.032705, 0.630225, 0.595588, 
20.0, 0.509367, 0.032705, 0.622961, 0.112911, 0.621700, 0.202437, 0.621700, 0.244020, 0.621842, 0.461728, 0.692105, 0.319011, 0.623095, 0.584615, 0.580774, 0.523313, 0.698351, 0.635044, 0.032705, 0.630225, 0.595588, 
20.1, 0.509367, 0.032705, 0.622961, 0.112911, 0.621700, 0.202437, 0.621700, 0.244020, 0.621842, 0.461728, 0.692105, 0.319011, 0.623095, 0.584615, 0.580774, 0.523313, 0.698351, 0.635044, 0.032705, 0.630225, 0.595588, 
20.3, 0.509367, 0.032705, 0.622961, 0.112911, 0.621700, 0.202437, 0.621700, 0.244020, 0.621842, 0.461728, 0.692105, 0.319011, 0.623095, 0.584615, 0.580774, 0.523313, 0.698351, 0.635044, 0.032705, 0.630225, 0.595588, 
20.4, 0.501491, 0.032705, 0.618836, 0.112911, 0.617583, 0.188941, 0.617583, 0.234259, 0.617724, 0.430947, 0.692105, 0.304174, 0.618969, 0.584615, 0.553118, 0.479704, 0.698351, 0.635044, 0.032705, 0.605016, 0.586282, 
20.5, 0.501491, 0.032705, 0.618836, 0.112911, 0.617583, 0.188941, 0.617583, 0.234259, 0.617724, 0.430947, 0.692105, 0.304174, 0.618969, 0.584615, 0.553118, 0.479704, 0.698351, 0.635044, 0.032705, 0.605016, 0.586282, 
20.6, 0.501491, 0.032705, 0.618836, 0.112911, 0.617583, 0.188941, 0.617583, 0.234259, 0.617724, 0.430947, 0.692105, 0.304174, 0.618969, 0.584615, 0.553118, 0.479704, 0.698351, 0.635044, 0.032705, 0.605016, 0.586282, 
20.7, 0.501491, 0.032705, 0.618836, 0.112911, 0.617583, 0.188941, 0.617583, 0.234259, 0.617724, 0.430947, 0.692105, 0.304174, 0.618969, 0.584615, 0.553118, 0.479704, 0.698351, 0.635044, 0.032705, 0.605016, 0.586282, 
20.8, 0.501491, 0.032705, 0.618836, 0.112911, 0.617583, 0.188941, 0.617583, 0.234259, 0.617724, 0.430947, 0.692105, 0.304174, 0.618969, 0.584615, 0.553118, 0.479704, 0.698351, 0.635044, 0.032705, 0.605016, 0.586282, 
20.9, 0.501491, 0.032705, 0.618836, 0.112911, 0.617583, 0.188941, 0.617583, 0.234259, 0.617724, 0.430947, 0.692105, 0.304174, 0.618969, 0.584615, 0.553118, 0.479704, 0.698351, 0.635044, 0.032705, 0.605016, 0.586282, 
21.0, 0.498558, 0.032705, 0.618836, 0.112911, 0.617583, 0.188941, 0.617583, 0.234259, 0.617724, 0.387852, 0.692105, 0.295483, 0.618969, 0.584615, 0.553118, 0.479704, 0.698351, 0.635044, 0.032705, 0.605016, 0.586282, 
21.1, 0.495608, 0.032705, 0.614252, 0.112911, 0.613009, 0.188941, 0.613009, 0.234259, 0.613148, 0.387852, 0.692105, 0.295483, 0.614384, 0.584615, 0.553118, 0.479704, 0.698351, 0.635044, 0.032705, 0.605016, 0.575622, 
21.2, 0.489637, 0.032705, 0.609599, 0.112911, 0.608365, 0.188941, 0.608365, 0.224074, 0.608503, 0.387852, 0.675627, 0.286792, 0.609730, 0.584615, 0.553118, 0.479704, 0.698351, 0.628818, 0.032705, 0.605016, 0.564762, 
21.3, 0.489637, 0.032705, 0.609599, 0.112911, 0.608365, 0.188941, 0.608365, 0.224074, 0.608503, 0.387852, 0.675627, 0.286792, 0.609730, 0.584615, 0.553118, 0.479704, 0.698351, 0.628818, 0.032705, 0.605016, 0.564762, 
21.4, 0.489637, 0.032705, 0.609599, 0.112911, 0.608365, 0.188941, 0.608365, 0.224074, 0.608503, 0.387852, 0.675627, 0.286792, 0.609730, 0.584615, 0.553118, 0.479704, 0.698351, 0.628818, 0.032705, 0.605016, 0.564762, 
21.6, 0.489637, 0.032705, 0.609599, 0.112911, 0.608365, 0.188941, 0.608365, 0.224074, 0.608503, 0.387852, 0.675627, 0.286792, 0.609730, 0.584615, 0.553118, 0.479704, 0.698351, 0.628818, 0.032705, 0.605016, 0.564762, 
21.7, 0.486478, 0.032705, 0.604682, 0.112911, 0.603458, 0.188941, 0.603458, 0.224074, 0.603596, 0.387852, 0.675627, 0.286792, 0.604812, 0.584615, 0.553118, 0.479704, 0.698351, 0.622199, 0.032705, 0.605016, 0.552996, 
21.8, 0.486478, 0.032705, 0.604682, 0.112911, 0.603458, 0.188941, 0.603458, 0.224074, 0.603596, 0.387852, 0.675627, 0.286792, 0.604812, 0.584615, 0.553118, 0.479704, 0.698351, 0.622199, 0.032705, 0.605016, 0.552996, 
21.9, 0.486478, 0.032705, 0.604682, 0.112911, 0.603458, 0.188941, 0.603458, 0.224074, 0.603596, 0.387852, 0.675627, 0.286792, 0.604812, 0.584615, 0.553118, 0.479704, 0.698351, 0.622199, 0.032705, 0.605016, 0.552996, 
22.1, 0.486478, 0.032705, 0.604682, 0.112911, 0.603458, 0.188941, 0.603458, 0.224074, 0.603596, 0.387852, 0.675627, 0.286792, 0.604812, 0.584615, 0.553118, 0.479704, 0.698351, 0.622199, 0.032705, 0.605016, 0.552996, 
22.2, 0.486478, 0.032705, 0.604682, 0.112911, 0.603458, 0.188941, 0.603458, 0.224074, 0.603596, 0.387852, 0.675627, 0.286792, 0.604812, 0.584615, 0.553118, 0.479704, 0.698351, 0.622199, 0.032705, 0.605016, 0.552996, 
22.3, 0.486478, 0.032705, 0.604682, 0.112911, 0.603458, 0.188941, 0.603458, 0.224074, 0.603596, 0.387852, 0.675627, 0.286792, 0.604812, 0.584615, 0.553118, 0.479704, 0.698351, 0.622199, 0.032705, 0.605016, 0.552996, 
22.4, 0.482901, 0.032705, 0.604682, 0.112911, 0.603458, 0.188941, 0.603458, 0.224074, 0.603596, 0.323210, 0.675627, 0.274843, 0.604812, 0.584615, 0.553118, 0.479704, 0.698351, 0.622199, 0.032705, 0.605016, 0.552996, 
22.5, 0.482901, 0.032705, 0.604682, 0.112911, 0.603458, 0.188941, 0.603458, 0.224074, 0.603596, 0.323210, 0.675627, 0.274843, 0.604812, 0.584615, 0.553118, 0.479704, 0.698351, 0.622199, 0.032705, 0.605016, 0.552996, 
22.6, 0.482901, 0.032705, 0.604682, 0.112911, 0.603458, 0.188941, 0.603458, 0.224074, 0.603596, 0.323210, 0.675627, 0.274843, 0.604812, 0.584615, 0.553118, 0.479704, 0.698351, 0.622199, 0.032705, 0.605016, 0.552996, 
22.7, 0.482901, 0.032705, 0.604682, 0.112911, 0.603458, 0.188941, 0.603458, 0.224074, 0.603596, 0.323210, 0.675627, 0.274843, 0.604812, 0.584615, 0.553118, 0.479704, 0.698351, 0.622199, 0.032705, 0.605016, 0.552996, 
22.8, 0.482901, 0.032705, 0.604682, 0.112911, 0.603458, 0.188941, 0.603458, 0.224074, 0.603596, 0.323210, 0.675627, 0.274843, 0.604812, 0.584615, 0.553118, 0.479704, 0.698351, 0.622199, 0.032705, 0.605016, 0.552996, 
22.9, 0.479037, 0.032705, 0.598924, 0.112911, 0.597711, 0.188941, 0.597711, 0.224074, 0.597847, 0.323210, 0.656859, 0.274843, 0.599052, 0.584615, 0.553118, 0.479704, 0.698351, 0.614611, 0.032705, 0.605016, 0.552996, 
23.0, 0.479037, 0.032705, 0.598924, 0.112911, 0.597711, 0.188941, 0.597711, 0.224074, 0.597847, 0.323210, 0.656859, 0.274843, 0.599052, 0.584615, 0.553118, 0.479704, 0.698351, 0.614611, 0.032705, 0.605016, 0.552996, 
23.2, 0.479037, 0.032705, 0.598924, 0.112911, 0.597711, 0.188941, 0.597711, 0.224074, 0.597847, 0.323210, 0.656859, 0.274843, 0.599052, 0.584615, 0.553118, 0.479704, 0.698351, 0.614611, 0.032705, 0.605016, 0.552996, 
23.3, 0.479037, 0.032705, 0.598924, 0.112911, 0.597711, 0.188941, 0.597711, 0.224074, 0.597847, 0.323210, 0.656859, 0.274843, 0.599052, 0.584615, 0.553118, 0.479704, 0.698351, 0.614611, 0.032705, 0.605016, 0.552996, 
23.4, 0.474908, 0.032705, 0.598924, 0.084683, 0.597711, 0.161950, 0.597711, 0.203704, 0.597847, 0.323210, 0.656859, 0.258675, 0.599052, 0.584615, 0.553118, 0.479704, 0.698351, 0.614611, 0.032705, 0.605016, 0.552996, 
23.5, 0.474908, 0.032705, 0.598924, 0.084683, 0.597711, 0.161950, 0.597711, 0.203704, 0.597847, 0.323210, 0.656859, 0.258675, 0.599052, 0.584615, 0.553118, 0.479704, 0.698351, 0.614611, 0.032705, 0.605016, 0.552996, 
23.6, 0.474908, 0.032705, 0.598924, 0.084683, 0.597711, 0.161950, 0.597711, 0.203704, 0.597847, 0.323210, 0.656859, 0.258675, 0.599052, 0.584615, 0.553118, 0.479704, 0.698351, 0.614611, 0.032705, 0.605016, 0.552996, 
23.7, 0.474908, 0.032705, 0.598924, 0.084683, 0.597711, 0.161950, 0.597711, 0.203704, 0.597847, 0.323210, 0.656859, 0.258675, 0.599052, 0.584615, 0.553118, 0.479704, 0.698351, 0.614611, 0.032705, 0.605016, 0.552996, 
23.8, 0.474908, 0.032705, 0.598924, 0.084683, 0.597711, 0.161950, 0.597711, 0.203704, 0.597847, 0.323210, 0.656859, 0.258675, 0.599052, 0.584615, 0.553118, 0.479704, 0.698351, 0.614611, 0.032705, 0.605016, 0.552996, 
23.9, 0.474908, 0.032705, 0.598924, 0.084683, 0.597711, 0.161950, 0.597711, 0.203704, 0.597847, 0.323210, 0.656859, 0.258675, 0.599052, 0.584615, 0.553118, 0.479704, 0.698351, 0.614611, 0.032705, 0.605016, 0.552996, 
24.0, 0.474908, 0.032705, 0.598924, 0.084683, 0.597711, 0.161950, 0.597711, 0.203704, 0.597847, 0.323210, 0.656859, 0.258675, 0.599052, 0.584615, 0.553118, 0.479704, 0.698351, 0.614611, 0.032705, 0.605016, 0.552996, 
24.1, 0.474908, 0.032705, 0.598924, 0.084683, 0.597711, 0.161950, 0.597711, 0.203704, 0.597847, 0.323210, 0.656859, 0.258675, 0.599052, 0.584615, 0.553118, 0.479704, 0.698351, 0.614611, 0.032705, 0.605016, 0.552996, 
24.2, 0.470062, 0.032705, 0.591708, 0.084683, 0.590510, 0.161950, 0.590510, 0.203704, 0.590644, 0.323210, 0.632531, 0.258675, 0.591835, 0.584615, 0.510570, 0.479704, 0.698351, 0.614611, 0.032705, 0.605016, 0.535157, 
24.3, 0.470062, 0.032705, 0.591708, 0.084683, 0.590510, 0.161950, 0.590510, 0.203704, 0.590644, 0.323210, 0.632531, 0.258675, 0.591835, 0.584615, 0.510570, 0.479704, 0.698351, 0.614611, 0.032705, 0.605016, 0.535157, 
24.5, 0.470062, 0.032705, 0.591708, 0.084683, 0.590510, 0.161950, 0.590510, 0.203704, 0.590644, 0.323210, 0.632531, 0.258675, 0.591835, 0.584615, 0.510570, 0.479704, 0.698351, 0.614611, 0.032705, 0.605016, 0.535157, 
24.6, 0.460060, 0.032705, 0.576915, 0.084683, 0.575747, 0.161950, 0.575747, 0.203704, 0.575878, 0.323210, 0.607230, 0.258675, 0.577039, 0.584615, 0.510570, 0.479704, 0.698351, 0.595987, 0.032705, 0.605016, 0.499480, 
24.7, 0.460060, 0.032705, 0.576915, 0.084683, 0.575747, 0.161950, 0.575747, 0.203704, 0.575878, 0.323210, 0.607230, 0.258675, 0.577039, 0.584615, 0.510570, 0.479704, 0.698351, 0.595987, 0.032705, 0.605016, 0.499480, 
24.8, 0.460060, 0.032705, 0.576915, 0.084683, 0.575747, 0.161950, 0.575747, 0.203704, 0.575878, 0.323210, 0.607230, 0.258675, 0.577039, 0.584615, 0.510570, 0.479704, 0.698351, 0.595987, 0.032705, 0.605016, 0.499480, 
24.9, 0.460060, 0.032705, 0.576915, 0.084683, 0.575747, 0.161950, 0.575747, 0.203704, 0.575878, 0.323210, 0.607230, 0.258675, 0.577039, 0.584615, 0.510570, 0.479704, 0.698351, 0.595987, 0.032705, 0.605016, 0.499480, 
25.0, 0.460060, 0.032705, 0.576915, 0.084683, 0.575747, 0.161950, 0.575747, 0.203704, 0.575878, 0.323210, 0.607230, 0.258675, 0.577039, 0.584615, 0.510570, 0.479704, 0.698351, 0.595987, 0.032705, 0.605016, 0.499480, 
25.2, 0.460060, 0.032705, 0.576915, 0.084683, 0.575747, 0.161950, 0.575747, 0.203704, 0.575878, 0.323210, 0.607230, 0.258675, 0.577039, 0.584615, 0.510570, 0.479704, 0.698351, 0.595987, 0.032705, 0.605016, 0.499480, 
25.3, 0.460060, 0.032705, 0.576915, 0.084683, 0.575747, 0.161950, 0.575747, 0.203704, 0.575878, 0.323210, 0.607230, 0.258675, 0.577039, 0.584615, 0.510570, 0.479704, 0.698351, 0.595987, 0.032705, 0.605016, 0.499480, 
25.5, 0.460060, 0.032705, 0.576915, 0.084683, 0.575747, 0.161950, 0.575747, 0.203704, 0.575878, 0.323210, 0.607230, 0.258675, 0.577039, 0.584615, 0.510570, 0.479704, 0.698351, 0.595987, 0.032705, 0.605016, 0.499480, 
25.6, 0.460060, 0.032705, 0.576915, 0.084683, 0.575747, 0.161950, 0.575747, 0.203704, 0.575878, 0.323210, 0.607230, 0.258675, 0.577039, 0.584615, 0.510570, 0.479704, 0.698351, 0.595987, 0.032705, 0.605016, 0.499480, 
25.7, 0.460060, 0.032705, 0.576915, 0.084683, 0.575747, 0.161950, 0.575747, 0.203704, 0.575878, 0.323210, 0.607230, 0.258675, 0.577039, 0.584615, 0.510570, 0.479704, 0.698351, 0.595987, 0.032705, 0.605016, 0.499480, 
25.8, 0.460060, 0.032705, 0.576915, 0.084683, 0.575747, 0.161950, 0.575747, 0.203704, 0.575878, 0.323210, 0.607230, 0.258675, 0.577039, 0.584615, 0.510570, 0.479704, 0.698351, 0.595987, 0.032705, 0.605016, 0.499480, 
26.0, 0.460060, 0.032705, 0.576915, 0.084683, 0.575747, 0.161950, 0.575747, 0.203704, 0.575878, 0.323210, 0.607230, 0.258675, 0.577039, 0.584615, 0.510570, 0.479704, 0.698351, 0.595987, 0.032705, 0.605016, 0.499480, 
26.1, 0.453393, 0.032705, 0.566968, 0.084683, 0.565820, 0.161950, 0.565820, 0.203704, 0.565949, 0.323210, 0.569278, 0.258675, 0.567090, 0.584615, 0.510570, 0.479704, 0.698351, 0.582441, 0.032705, 0.605016, 0.499480, 
26.2, 0.453393, 0.032705, 0.566968, 0.084683, 0.565820, 0.161950, 0.565820, 0.203704, 0.565949, 0.323210, 0.569278, 0.258675, 0.567090, 0.584615, 0.510570, 0.479704, 0.698351, 0.582441, 0.032705, 0.605016, 0.499480, 
26.3, 0.453393, 0.032705, 0.566968, 0.084683, 0.565820, 0.161950, 0.565820, 0.203704, 0.565949, 0.323210, 0.569278, 0.258675, 0.567090, 0.584615, 0.510570, 0.479704, 0.698351, 0.582441, 0.032705, 0.605016, 0.499480, 
26.4, 0.453393, 0.032705, 0.566968, 0.084683, 0.565820, 0.161950, 0.565820, 0.203704, 0.565949, 0.323210, 0.569278, 0.258675, 0.567090, 0.584615, 0.510570, 0.479704, 0.698351, 0.582441, 0.032705, 0.605016, 0.499480, 
26.5, 0.453393, 0.032705, 0.566968, 0.084683, 0.565820, 0.161950, 0.565820, 0.203704, 0.565949, 0.323210, 0.569278, 0.258675, 0.567090, 0.584615, 0.510570, 0.479704, 0.698351, 0.582441, 0.032705, 0.605016, 0.499480, 
26.6, 0.453393, 0.032705, 0.566968, 0.084683, 0.565820, 0.161950, 0.565820, 0.203704, 0.565949, 0.323210, 0.569278, 0.258675, 0.567090, 0.584615, 0.510570, 0.479704, 0.698351, 0.582441, 0.032705, 0.605016, 0.499480, 
26.7, 0.453393, 0.032705, 0.566968, 0.084683, 0.565820, 0.161950, 0.565820, 0.203704, 0.565949, 0.323210, 0.569278, 0.258675, 0.567090, 0.584615, 0.510570, 0.479704, 0.698351, 0.582441, 0.032705, 0.605016, 0.499480, 
26.8, 0.453393, 0.032705, 0.566968, 0.084683, 0.565820, 0.161950, 0.565820, 0.203704, 0.565949, 0.323210, 0.569278, 0.258675, 0.567090, 0.584615, 0.510570, 0.479704, 0.698351, 0.582441, 0.032705, 0.605016, 0.499480, 
26.9, 0.453393, 0.032705, 0.566968, 0.084683, 0.565820, 0.161950, 0.565820, 0.203704, 0.565949, 0.323210, 0.569278, 0.258675, 0.567090, 0.584615, 0.510570, 0.479704, 0.698351, 0.582441, 0.032705, 0.605016, 0.499480, 
27.0, 0.453393, 0.032705, 0.566968, 0.084683, 0.565820, 0.161950, 0.565820, 0.203704, 0.565949, 0.323210, 0.569278, 0.258675, 0.567090, 0.584615, 0.510570, 0.479704, 0.698351, 0.582441, 0.032705, 0.605016, 0.499480, 
27.1, 0.453393, 0.032705, 0.566968, 0.084683, 0.565820, 0.161950, 0.565820, 0.203704, 0.565949, 0.323210, 0.569278, 0.258675, 0.567090, 0.584615, 0.510570, 0.479704, 0.698351, 0.582441, 0.032705, 0.605016, 0.499480, 
27.2, 0.453393, 0.032705, 0.566968, 0.084683, 0.565820, 0.161950, 0.565820, 0.203704, 0.565949, 0.323210, 0.569278, 0.258675, 0.567090, 0.584615, 0.510570, 0.479704, 0.698351, 0.582441, 0.032705, 0.605016, 0.499480, 
27.4, 0.453393, 0.032705, 0.566968, 0.084683, 0.565820, 0.161950, 0.565820, 0.203704, 0.565949, 0.323210, 0.569278, 0.258675, 0.567090, 0.584615, 0.510570, 0.479704, 0.698351, 0.582441, 0.032705, 0.605016, 0.499480, 
27.5, 0.453393, 0.032705, 0.566968, 0.084683, 0.565820, 0.161950, 0.565820, 0.203704, 0.565949, 0.323210, 0.569278, 0.258675, 0.567090, 0.584615, 0.510570, 0.479704, 0.698351, 0.582441, 0.032705, 0.605016, 0.499480, 
27.6, 0.453393, 0.032705, 0.566968, 0.084683, 0.565820, 0.161950, 0.565820, 0.203704, 0.565949, 0.323210, 0.569278, 0.258675, 0.567090, 0.584615, 0.510570, 0.479704, 0.698351, 0.582441, 0.032705, 0.605016, 0.499480, 
27.7, 0.453393, 0.032705, 0.566968, 0.084683, 0.565820, 0.161950, 0.565820, 0.203704, 0.565949, 0.323210, 0.569278, 0.258675, 0.567090, 0.584615, 0.510570, 0.479704, 0.698351, 0.582441, 0.032705, 0.605016, 0.499480, 
27.8, 0.453393, 0.032705, 0.566968, 0.084683, 0.565820, 0.161950, 0.565820, 0.203704, 0.565949, 0.323210, 0.569278, 0.258675, 0.567090, 0.584615, 0.510570, 0.479704, 0.698351, 0.582441, 0.032705, 0.605016, 0.499480, 
28.0, 0.453393, 0.032705, 0.566968, 0.084683, 0.565820, 0.161950, 0.565820, 0.203704, 0.565949, 0.323210, 0.569278, 0.258675, 0.567090, 0.584615, 0.510570, 0.479704, 0.698351, 0.582441, 0.032705, 0.605016, 0.499480, 
28.1, 0.453393, 0.032705, 0.566968, 0.084683, 0.565820, 0.161950, 0.565820, 0.203704, 0.565949, 0.323210, 0.569278, 0.258675, 0.567090, 0.584615, 0.510570, 0.479704, 0.698351, 0.582441, 0.032705, 0.605016, 0.499480, 
28.2, 0.440799, 0.032705, 0.548679, 0.084683, 0.547568, 0.161950, 0.547568, 0.203704, 0.547693, 0.323210, 0.569278, 0.258675, 0.548797, 0.584615, 0.510570, 0.479704, 0.698351, 0.557118, 0.032705, 0.605016, 0.499480, 
28.4, 0.440799, 0.032705, 0.548679, 0.084683, 0.547568, 0.161950, 0.547568, 0.203704, 0.547693, 0.323210, 0.569278, 0.258675, 0.548797, 0.584615, 0.510570, 0.479704, 0.698351, 0.557118, 0.032705, 0.605016, 0.499480, 
28.5, 0.440799, 0.032705, 0.548679, 0.084683, 0.547568, 0.161950, 0.547568, 0.203704, 0.547693, 0.323210, 0.569278, 0.258675, 0.548797, 0.584615, 0.510570, 0.479704, 0.698351, 0.557118, 0.032705, 0.605016, 0.499480, 
28.6, 0.440799, 0.032705, 0.548679, 0.084683, 0.547568, 0.161950, 0.547568, 0.203704, 0.547693, 0.323210, 0.569278, 0.258675, 0.548797, 0.584615, 0.510570, 0.479704, 0.698351, 0.557118, 0.032705, 0.605016, 0.499480, 
28.7, 0.440799, 0.032705, 0.548679, 0.084683, 0.547568, 0.161950, 0.547568, 0.203704, 0.547693, 0.323210, 0.569278, 0.258675, 0.548797, 0.584615, 0.510570, 0.479704, 0.698351, 0.557118, 0.032705, 0.605016, 0.499480, 
28.8, 0.440799, 0.032705, 0.548679, 0.084683, 0.547568, 0.161950, 0.547568, 0.203704, 0.547693, 0.323210, 0.569278, 0.258675, 0.548797, 0.584615, 0.510570, 0.479704, 0.698351, 0.557118, 0.032705, 0.605016, 0.499480, 
28.9, 0.423845, 0.032705, 0.548679, 0.084683, 0.547568, 0.080975, 0.547568, 0.101852, 0.547693, 0.323210, 0.569278, 0.172450, 0.548797, 0.584615, 0.510570, 0.479704, 0.698351, 0.557118, 0.032705, 0.605016, 0.499480, 
29.0, 0.406891, 0.032705, 0.524823, 0.084683, 0.523761, 0.080975, 0.523761, 0.101852, 0.523880, 0.323210, 0.569278, 0.172450, 0.524936, 0.584615, 0.510570, 0.479704, 0.698351, 0.522298, 0.032705, 0.605016, 0.454073, 
29.2, 0.406891, 0.032705, 0.524823, 0.084683, 0.523761, 0.080975, 0.523761, 0.101852, 0.523880, 0.323210, 0.569278, 0.172450, 0.524936, 0.584615, 0.510570, 0.479704, 0.698351, 0.522298, 0.032705, 0.605016, 0.454073, 
29.4, 0.406891, 0.032705, 0.524823, 0.084683, 0.523761, 0.080975, 0.523761, 0.101852, 0.523880, 0.323210, 0.569278, 0.172450, 0.524936, 0.584615, 0.510570, 0.479704, 0.698351, 0.522298, 0.032705, 0.605016, 0.454073, 
29.5, 0.406891, 0.032705, 0.524823, 0.084683, 0.523761, 0.080975, 0.523761, 0.101852, 0.523880, 0.323210, 0.569278, 0.172450, 0.524936, 0.584615, 0.510570, 0.479704, 0.698351, 0.522298, 0.032705, 0.605016, 0.454073, 
29.6, 0.406891, 0.032705, 0.524823, 0.084683, 0.523761, 0.080975, 0.523761, 0.101852, 0.523880, 0.323210, 0.569278, 0.172450, 0.524936, 0.584615, 0.510570, 0.479704, 0.698351, 0.522298, 0.032705, 0.605016, 0.454073, 
29.7, 0.406891, 0.032705, 0.524823, 0.084683, 0.523761, 0.080975, 0.523761, 0.101852, 0.523880, 0.323210, 0.569278, 0.172450, 0.524936, 0.584615, 0.510570, 0.479704, 0.698351, 0.522298, 0.032705, 0.605016, 0.454073, 
29.8, 0.406891, 0.032705, 0.524823, 0.084683, 0.523761, 0.080975, 0.523761, 0.101852, 0.523880, 0.323210, 0.569278, 0.172450, 0.524936, 0.584615, 0.510570, 0.479704, 0.698351, 0.522298, 0.032705, 0.605016, 0.454073, 
30.5, 0.406891, 0.032705, 0.524823, 0.084683, 0.523761, 0.080975, 0.523761, 0.101852, 0.523880, 0.323210, 0.569278, 0.172450, 0.524936, 0.584615, 0.510570, 0.479704, 0.698351, 0.522298, 0.032705, 0.605016, 0.454073, 
30.7, 0.406891, 0.032705, 0.524823, 0.084683, 0.523761, 0.080975, 0.523761, 0.101852, 0.523880, 0.323210, 0.569278, 0.172450, 0.524936, 0.584615, 0.510570, 0.479704, 0.698351, 0.522298, 0.032705, 0.605016, 0.454073, 
31.0, 0.406891, 0.032705, 0.524823, 0.084683, 0.523761, 0.080975, 0.523761, 0.101852, 0.523880, 0.323210, 0.569278, 0.172450, 0.524936, 0.584615, 0.510570, 0.479704, 0.698351, 0.522298, 0.032705, 0.605016, 0.454073, 
31.1, 0.406891, 0.032705, 0.524823, 0.084683, 0.523761, 0.080975, 0.523761, 0.101852, 0.523880, 0.323210, 0.569278, 0.172450, 0.524936, 0.584615, 0.510570, 0.479704, 0.698351, 0.522298, 0.032705, 0.605016, 0.454073, 
31.3, 0.406891, 0.032705, 0.524823, 0.084683, 0.523761, 0.080975, 0.523761, 0.101852, 0.523880, 0.323210, 0.569278, 0.172450, 0.524936, 0.584615, 0.510570, 0.479704, 0.698351, 0.522298, 0.032705, 0.605016, 0.454073, 
32.3, 0.406891, 0.032705, 0.524823, 0.084683, 0.523761, 0.080975, 0.523761, 0.101852, 0.523880, 0.323210, 0.569278, 0.172450, 0.524936, 0.584615, 0.510570, 0.479704, 0.698351, 0.522298, 0.032705, 0.605016, 0.454073, 
32.7, 0.406891, 0.032705, 0.524823, 0.084683, 0.523761, 0.080975, 0.523761, 0.101852, 0.523880, 0.323210, 0.569278, 0.172450, 0.524936, 0.584615, 0.510570, 0.479704, 0.698351, 0.522298, 0.032705, 0.605016, 0.454073, 
33.0, 0.406891, 0.032705, 0.524823, 0.084683, 0.523761, 0.080975, 0.523761, 0.101852, 0.523880, 0.323210, 0.569278, 0.172450, 0.524936, 0.584615, 0.510570, 0.479704, 0.698351, 0.522298, 0.032705, 0.605016, 0.454073, 
35.9, 0.406891, 0.032705, 0.524823, 0.084683, 0.523761, 0.080975, 0.523761, 0.101852, 0.523880, 0.323210, 0.569278, 0.172450, 0.524936, 0.584615, 0.510570, 0.479704, 0.698351, 0.522298, 0.032705, 0.605016, 0.454073, 

